word;clue;category
ABE;primat der ofte klatrer (ubestemt ental);Navneord
ABEN;primat der ofte klatrer (bestemt ental);Navneord
ABER;primat der ofte klatrer (ubestemt flertal);Navneord
ABERNE;primat der ofte klatrer (bestemt flertal);Navneord
ABORRE;ferskvandsfisk med pigfinne (ubestemt ental);Navneord – Dyr
ABORREN;ferskvandsfisk med pigfinne (bestemt ental);Navneord – Dyr
ABORRER;ferskvandsfisk med pigfinne (ubestemt flertal);Navneord – Dyr
ABORRERNE;ferskvandsfisk med pigfinne (bestemt flertal);Navneord – Dyr
ADGANG;Mulighed for at komme ind i et system;IT
ADGANG;mulighed for at komme ind (ubestemt ental);Navneord – Teknologi
ADGANGE;mulighed for at komme ind (ubestemt flertal);Navneord – Teknologi
ADGANGEN;mulighed for at komme ind (bestemt ental);Navneord – Teknologi
ADGANGENE;mulighed for at komme ind (bestemt flertal);Navneord – Teknologi
ADMINISTRERE;lede praktiske forhold (navnemåde);Udsagnsord
ADMINISTREREDE;lede praktiske forhold (datid);Udsagnsord
ADMINISTRERER;lede praktiske forhold (nutid);Udsagnsord
ADMINISTRERET;lede praktiske forhold (kort tillægsform);Udsagnsord
ADRESSE;Identifikation af et sted eller en enhed;IT
ADRESSE;oplysning om en placering (ubestemt ental);Navneord – Teknologi
ADRESSEN;oplysning om en placering (bestemt ental);Navneord – Teknologi
ADRESSER;oplysning om en placering (ubestemt flertal);Navneord – Teknologi
ADRESSERNE;oplysning om en placering (bestemt flertal);Navneord – Teknologi
AFBRUDT;standse en forbindelse (kort tillægsform);Udsagnsord
AFBRYDE;standse en forbindelse (navnemåde);Udsagnsord
AFBRYDER;standse en forbindelse (nutid);Udsagnsord
AFBRØD;standse en forbindelse (datid);Udsagnsord
AFGIFT;offentligt fastsat betaling (ubestemt ental);Navneord – Samfund
AFGIFTEN;offentligt fastsat betaling (bestemt ental);Navneord – Samfund
AFGIFTER;offentligt fastsat betaling (ubestemt flertal);Navneord – Samfund
AFGIFTERNE;offentligt fastsat betaling (bestemt flertal);Navneord – Samfund
AFTALE;overenskomst mellem parter (ubestemt ental);Navneord – Arbejde
AFTALEN;overenskomst mellem parter (bestemt ental);Navneord – Arbejde
AFTALER;overenskomst mellem parter (ubestemt flertal);Navneord – Arbejde
AFTALERNE;overenskomst mellem parter (bestemt flertal);Navneord – Arbejde
AFTEN;Dagens sidste timer;Natur
AFTEN;dagens sene timer (ubestemt ental);Navneord – Tid
AFTEN;døgnets sidste lyse timer (ubestemt ental);Navneord
AFTENEN;dagens sene timer (bestemt ental);Navneord – Tid
AFTENEN;døgnets sidste lyse timer (bestemt ental);Navneord
AFTENER;dagens sene timer (ubestemt flertal);Navneord – Tid
AFTENER;døgnets sidste lyse timer (ubestemt flertal);Navneord
AFTENERNE;dagens sene timer (bestemt flertal);Navneord – Tid
AFTENERNE;døgnets sidste lyse timer (bestemt flertal);Navneord
AFTENSMAD;måltid sidst på dagen (ubestemt ental);Navneord – Mad
AFTENSMAD;måltid sidst på dagen (ubestemt flertal);Navneord – Mad
AFTENSMADEN;måltid sidst på dagen (bestemt ental);Navneord – Mad
AGERN;Frugt fra et egetræ;Natur
AGURK;Lang grøn grøntsag med saftigt indre;Mad
AGURK;lang grøn grøntsag (ubestemt ental);Navneord
AGURKEN;lang grøn grøntsag (bestemt ental);Navneord
AGURKER;lang grøn grøntsag (ubestemt flertal);Navneord
AGURKERNE;lang grøn grøntsag (bestemt flertal);Navneord
ALBUE;Led midt på armen;Menneske
ALBUE;led mellem overarm og underarm (ubestemt ental);Navneord – Krop
ALBUEN;led mellem overarm og underarm (bestemt ental);Navneord – Krop
ALBUER;led mellem overarm og underarm (ubestemt flertal);Navneord – Krop
ALBUERNE;led mellem overarm og underarm (bestemt flertal);Navneord – Krop
ALDRIG;Ikke på noget tidspunkt;Biord
ALFABET;Række af sprogets bogstaver;Fritid
ALGORITME;Trinvis metode til at løse et problem;IT
ALGORITME;trinvis metode til problemløsning (ubestemt ental);Navneord – Teknologi
ALGORITMEN;trinvis metode til problemløsning (bestemt ental);Navneord – Teknologi
ALGORITMER;trinvis metode til problemløsning (ubestemt flertal);Navneord – Teknologi
ALGORITMERNE;trinvis metode til problemløsning (bestemt flertal);Navneord – Teknologi
ALLIGEVEL;På trods af dette;Biord
ALTAN;Udeplads som hænger på en bygning;Hjem
ALTAN;platform uden på en bygning (ubestemt ental);Navneord – Hjem
ALTANEN;platform uden på en bygning (bestemt ental);Navneord – Hjem
ALTANER;platform uden på en bygning (ubestemt flertal);Navneord – Hjem
ALTANERNE;platform uden på en bygning (bestemt flertal);Navneord – Hjem
ALTID;På alle tidspunkter;Biord
ANALOG;som varierer kontinuerligt (grundform);Tillægsord
ANALOGE;som varierer kontinuerligt (bestemt form eller flertal);Tillægsord
ANALOGT;som varierer kontinuerligt (intetkøn);Tillægsord
ANALYSERE;opdele og forstå et forhold (navnemåde);Udsagnsord
ANALYSEREDE;opdele og forstå et forhold (datid);Udsagnsord
ANALYSERER;opdele og forstå et forhold (nutid);Udsagnsord
ANALYSERET;opdele og forstå et forhold (kort tillægsform);Udsagnsord
ANANAS;Tropisk frugt med ru skal og bladroset;Mad
ANANAS;tropisk frugt med bladroset (ubestemt ental);Navneord – Mad
ANANAS;tropisk frugt med bladroset (ubestemt flertal);Navneord – Mad
ANANASEN;tropisk frugt med bladroset (bestemt ental);Navneord – Mad
ANANASENE;tropisk frugt med bladroset (bestemt flertal);Navneord – Mad
AND;Vandfugl med fladt næb;Dyr
AND;svømmefugl med bredt næb (ubestemt ental);Navneord – Dyr
AND;vandfugl med fladt næb (ubestemt ental);Navneord
ANDEN;svømmefugl med bredt næb (bestemt ental);Navneord – Dyr
ANDEN;vandfugl med fladt næb (bestemt ental);Navneord
ANKEL;Led mellem fod og underben;Menneske
ANKEL;led mellem fod og ben (ubestemt ental);Navneord – Krop
ANKLEN;led mellem fod og ben (bestemt ental);Navneord – Krop
ANKLER;led mellem fod og ben (ubestemt flertal);Navneord – Krop
ANKLERNE;led mellem fod og ben (bestemt flertal);Navneord – Krop
ANSAT;person med et job (ubestemt ental);Navneord – Arbejde
ANSATTE;person med et job (ubestemt flertal);Navneord – Arbejde
ANSIGT;Forsiden af hovedet;Menneske
ANSØGNING;formel anmodning om noget (ubestemt ental);Navneord – Arbejde
ANSØGNINGEN;formel anmodning om noget (bestemt ental);Navneord – Arbejde
ANSØGNINGER;formel anmodning om noget (ubestemt flertal);Navneord – Arbejde
ANSØGNINGERNE;formel anmodning om noget (bestemt flertal);Navneord – Arbejde
APOTEK;Butik hvor medicin udleveres;Tid og samfund
APP;Program særligt til telefon eller tablet;IT
APP;mindre softwareprogram (ubestemt ental);Navneord – Teknologi
APPELSIN;Rund citrusfrugt med orange skal;Mad
APPELSIN;orange citrusfrugt (ubestemt ental);Navneord
APPELSINEN;orange citrusfrugt (bestemt ental);Navneord
APPELSINER;orange citrusfrugt (ubestemt flertal);Navneord
APPELSINERNE;orange citrusfrugt (bestemt flertal);Navneord
APPEN;mindre softwareprogram (bestemt ental);Navneord – Teknologi
APPENE;mindre softwareprogram (bestemt flertal);Navneord – Teknologi
APPS;mindre softwareprogram (ubestemt flertal);Navneord – Teknologi
APRIL;Årets fjerde måned;Tid og samfund
ARBEJDE;udføre et job (navnemåde);Udsagnsord
ARBEJDE;udføre et stykke arbejde (navnemåde);Udsagnsord
ARBEJDEDE;udføre et job (datid);Udsagnsord
ARBEJDEDE;udføre et stykke arbejde (datid);Udsagnsord
ARBEJDER;person der udfører arbejde (ubestemt ental);Navneord
ARBEJDER;person som udfører arbejde (ubestemt ental);Navneord – Arbejde
ARBEJDER;udføre et job (nutid);Udsagnsord
ARBEJDER;udføre et stykke arbejde (nutid);Udsagnsord
ARBEJDERE;person der udfører arbejde (ubestemt flertal);Navneord
ARBEJDERE;person som udfører arbejde (ubestemt flertal);Navneord – Arbejde
ARBEJDEREN;person der udfører arbejde (bestemt ental);Navneord
ARBEJDEREN;person som udfører arbejde (bestemt ental);Navneord – Arbejde
ARBEJDERNE;person der udfører arbejde (bestemt flertal);Navneord
ARBEJDERNE;person som udfører arbejde (bestemt flertal);Navneord – Arbejde
ARBEJDET;udføre et job (kort tillægsform);Udsagnsord
ARBEJDET;udføre et stykke arbejde (førnutids tillægsform);Udsagnsord
ARBEJDSDAG;dag hvor der udføres arbejde (ubestemt ental);Navneord – Arbejde
ARBEJDSDAGE;dag hvor der udføres arbejde (ubestemt flertal);Navneord – Arbejde
ARBEJDSDAGEN;dag hvor der udføres arbejde (bestemt ental);Navneord – Arbejde
ARBEJDSDAGENE;dag hvor der udføres arbejde (bestemt flertal);Navneord – Arbejde
ARBEJDSGIVER;person eller virksomhed der ansætter (ubestemt ental);Navneord – Arbejde
ARBEJDSGIVERE;person eller virksomhed der ansætter (ubestemt flertal);Navneord – Arbejde
ARBEJDSGIVEREN;person eller virksomhed der ansætter (bestemt ental);Navneord – Arbejde
ARBEJDSGIVERNE;person eller virksomhed der ansætter (bestemt flertal);Navneord – Arbejde
ARBEJDSPLADS;sted hvor man arbejder (ubestemt ental);Navneord – Arbejde
ARBEJDSPLADSEN;sted hvor man arbejder (bestemt ental);Navneord – Arbejde
ARBEJDSPLADSER;sted hvor man arbejder (ubestemt flertal);Navneord – Arbejde
ARBEJDSPLADSERNE;sted hvor man arbejder (bestemt flertal);Navneord – Arbejde
ARM;Lem fra skulder til hånd;Menneske
ARM;kropsdel fra skulder til hånd (ubestemt ental);Navneord
ARME;kropsdel fra skulder til hånd (ubestemt flertal);Navneord
ARMEN;kropsdel fra skulder til hånd (bestemt ental);Navneord
ARMENE;kropsdel fra skulder til hånd (bestemt flertal);Navneord
ARTIKEL;tekst i avis eller tidsskrift (ubestemt ental);Navneord – Uddannelse
ARTIKLEN;tekst i avis eller tidsskrift (bestemt ental);Navneord – Uddannelse
ARTIKLER;tekst i avis eller tidsskrift (ubestemt flertal);Navneord – Uddannelse
ARTIKLERNE;tekst i avis eller tidsskrift (bestemt flertal);Navneord – Uddannelse
ASTEROIDE;mindre klippelegeme i rummet (ubestemt ental);Navneord – Rummet
ASTEROIDEN;mindre klippelegeme i rummet (bestemt ental);Navneord – Rummet
ASTEROIDER;mindre klippelegeme i rummet (ubestemt flertal);Navneord – Rummet
ASTEROIDERNE;mindre klippelegeme i rummet (bestemt flertal);Navneord – Rummet
AUGUST;Måneden efter juli;Tid og samfund
AUTOMATISK;som virker uden løbende indgreb (grundform);Tillægsord
AUTOMATISK;som virker uden løbende indgreb (intetkøn);Tillægsord
AUTOMATISKE;som virker uden løbende indgreb (bestemt form eller flertal);Tillægsord
AVIS;Medie med nyheder og artikler;Fritid
AVIS;trykt eller digital nyhedsudgivelse (ubestemt ental);Navneord – Medier
AVIS;udgivelse med nyheder (ubestemt ental);Navneord
AVISEN;trykt eller digital nyhedsudgivelse (bestemt ental);Navneord – Medier
AVISEN;udgivelse med nyheder (bestemt ental);Navneord
AVISER;trykt eller digital nyhedsudgivelse (ubestemt flertal);Navneord – Medier
AVISER;udgivelse med nyheder (ubestemt flertal);Navneord
AVISERNE;trykt eller digital nyhedsudgivelse (bestemt flertal);Navneord – Medier
AVISERNE;udgivelse med nyheder (bestemt flertal);Navneord
AVOCADO;Grøn fedtholdig frugt med stor sten;Mad
BABY;Meget lille barn;Menneske
BACKUP;Sikkerhedskopi af data;IT
BACKUP;sikkerhedskopi af data (ubestemt ental);Navneord – Teknologi
BACKUPPEN;sikkerhedskopi af data (bestemt ental);Navneord – Teknologi
BACKUPPER;sikkerhedskopi af data (ubestemt flertal);Navneord – Teknologi
BACKUPPERNE;sikkerhedskopi af data (bestemt flertal);Navneord – Teknologi
BAD;Rum med bruser eller badekar;Hjem
BADMINTON;Ketsjerspil med fjerbold;Fritid
BAGE;tilberede i ovn (navnemåde);Udsagnsord
BAGE;tilberede med tør varme (navnemåde);Udsagnsord
BAGEFORM;beholder der former bagværk (ubestemt ental);Navneord – Hverdag
BAGEFORME;beholder der former bagværk (ubestemt flertal);Navneord – Hverdag
BAGEFORMEN;beholder der former bagværk (bestemt ental);Navneord – Hverdag
BAGEFORMENE;beholder der former bagværk (bestemt flertal);Navneord – Hverdag
BAGEPLADE;metalplade til ovnbagning (ubestemt ental);Navneord – Hverdag
BAGEPLADEN;metalplade til ovnbagning (bestemt ental);Navneord – Hverdag
BAGEPLADER;metalplade til ovnbagning (ubestemt flertal);Navneord – Hverdag
BAGEPLADERNE;metalplade til ovnbagning (bestemt flertal);Navneord – Hverdag
BAGER;Person der fremstiller brød;Menneske
BAGER;tilberede i ovn (nutid);Udsagnsord
BAGER;tilberede med tør varme (nutid);Udsagnsord
BAGT;tilberede i ovn (kort tillægsform);Udsagnsord
BAGT;tilberede med tør varme (førnutids tillægsform);Udsagnsord
BAGTE;tilberede i ovn (datid);Udsagnsord
BAGTE;tilberede med tør varme (datid);Udsagnsord
BAGVED;På bagsiden af noget;Forholdsord
BAKKE;Mindre forhøjning i terrænet;Natur
BAKKE;mindre forhøjning i landskabet (ubestemt ental);Navneord – Natur
BAKKE;mindre forhøjning i terrænet (ubestemt ental);Navneord
BAKKEN;mindre forhøjning i landskabet (bestemt ental);Navneord – Natur
BAKKEN;mindre forhøjning i terrænet (bestemt ental);Navneord
BAKKER;mindre forhøjning i landskabet (ubestemt flertal);Navneord – Natur
BAKKER;mindre forhøjning i terrænet (ubestemt flertal);Navneord
BAKKERNE;mindre forhøjning i landskabet (bestemt flertal);Navneord – Natur
BAKKERNE;mindre forhøjning i terrænet (bestemt flertal);Navneord
BANAN;Gul bøjet frugt;Mad
BANAN;lang gul frugt (ubestemt ental);Navneord
BANANEN;lang gul frugt (bestemt ental);Navneord
BANANER;lang gul frugt (ubestemt flertal);Navneord
BANANERNE;lang gul frugt (bestemt flertal);Navneord
BANE;afgrænset område til sport (ubestemt ental);Navneord – Sport
BANEN;afgrænset område til sport (bestemt ental);Navneord – Sport
BANER;afgrænset område til sport (ubestemt flertal);Navneord – Sport
BANERNE;afgrænset område til sport (bestemt flertal);Navneord – Sport
BANGE;som føler frygt (bestemt form eller flertal);Tillægsord
BANGE;som føler frygt (flertal eller bestemt form);Tillægsord
BANGE;som føler frygt (fælleskøn);Tillægsord
BANGE;som føler frygt (grundform);Tillægsord
BANGE;som føler frygt (intetkøn);Tillægsord
BANK;Institution der opbevarer og låner penge;Tid og samfund
BANK;virksomhed der håndterer penge (ubestemt ental);Navneord – Samfund
BANKE;slå gentagne gange (navnemåde);Udsagnsord
BANKEDE;slå gentagne gange (datid);Udsagnsord
BANKEN;virksomhed der håndterer penge (bestemt ental);Navneord – Samfund
BANKER;slå gentagne gange (nutid);Udsagnsord
BANKER;virksomhed der håndterer penge (ubestemt flertal);Navneord – Samfund
BANKERNE;virksomhed der håndterer penge (bestemt flertal);Navneord – Samfund
BANKET;slå gentagne gange (kort tillægsform);Udsagnsord
BAR;holde og flytte en byrde (datid);Udsagnsord
BAR;transportere noget med kroppen (datid);Udsagnsord
BARE;Kun og ikke mere;Biord
BARK;yderste lag af træstammen (ubestemt ental);Navneord – Natur
BARKEN;yderste lag af træstammen (bestemt ental);Navneord – Natur
BARKER;yderste lag af træstammen (ubestemt flertal);Navneord – Natur
BARKERNE;yderste lag af træstammen (bestemt flertal);Navneord – Natur
BARN;Ungt menneske;Menneske
BARN;ungt menneske (ubestemt ental);Navneord
BARNET;ungt menneske (bestemt ental);Navneord
BASKETBALL;Boldspil med kurve som mål;Fritid
BATTERI;Energikilde der lagrer elektrisk energi;IT
BATTERI;enhed til lagring af elektrisk energi (ubestemt ental);Navneord – Hjem
BATTERIER;enhed til lagring af elektrisk energi (ubestemt flertal);Navneord – Hjem
BATTERIERNE;enhed til lagring af elektrisk energi (bestemt flertal);Navneord – Hjem
BATTERIET;enhed til lagring af elektrisk energi (bestemt ental);Navneord – Hjem
BEDRE;af høj kvalitet (komparativ);Tillægsord
BEDRE;af høj kvalitet eller værdi (komparativ);Tillægsord
BEDST;af høj kvalitet (superlativ);Tillægsord
BEDST;af høj kvalitet eller værdi (superlativ);Tillægsord
BEDSTEFAR;Ens mors eller fars far;Menneske
BEDSTEMOR;Ens mors eller fars mor;Menneske
BEGYNDE;tage hul på noget (navnemåde);Udsagnsord
BEGYNDER;tage hul på noget (nutid);Udsagnsord
BEGYNDT;tage hul på noget (kort tillægsform);Udsagnsord
BEGYNDTE;tage hul på noget (datid);Udsagnsord
BEHØVE;have brug for (navnemåde);Udsagnsord
BEHØVEDE;have brug for (datid);Udsagnsord
BEHØVER;have brug for (nutid);Udsagnsord
BEHØVET;have brug for (kort tillægsform);Udsagnsord
BEKYMRE;give anledning til uro (navnemåde);Udsagnsord
BEKYMREDE;give anledning til uro (datid);Udsagnsord
BEKYMRER;give anledning til uro (nutid);Udsagnsord
BEKYMRET;give anledning til uro (kort tillægsform);Udsagnsord
BEN;Lem man står og går på;Menneske
BEN;kropsdel man går med (ubestemt ental);Navneord
BEN;kropsdel man går med (ubestemt flertal);Navneord
BENENE;kropsdel man går med (bestemt flertal);Navneord
BENET;kropsdel man går med (bestemt ental);Navneord
BEREGNE;finde resultat ved regning (navnemåde);Udsagnsord
BEREGNEDE;finde resultat ved regning (datid);Udsagnsord
BEREGNER;finde resultat ved regning (nutid);Udsagnsord
BEREGNET;finde resultat ved regning (kort tillægsform);Udsagnsord
BEROLIGE;få nogen til at slappe af (navnemåde);Udsagnsord
BEROLIGEDE;få nogen til at slappe af (datid);Udsagnsord
BEROLIGER;få nogen til at slappe af (nutid);Udsagnsord
BEROLIGET;få nogen til at slappe af (kort tillægsform);Udsagnsord
BESKED;Kort meddelelse til en anden;IT
BESKED;meddelelse til en modtager (ubestemt ental);Navneord – Teknologi
BESKEDEN;meddelelse til en modtager (bestemt ental);Navneord – Teknologi
BESKEDER;meddelelse til en modtager (ubestemt flertal);Navneord – Teknologi
BESKEDERNE;meddelelse til en modtager (bestemt flertal);Navneord – Teknologi
BESKIDT;med snavs (fælleskøn);Tillægsord
BESKIDT;med snavs (intetkøn);Tillægsord
BESKIDT;med snavs på (grundform);Tillægsord
BESKIDT;med snavs på (intetkøn);Tillægsord
BESKIDTE;med snavs (flertal eller bestemt form);Tillægsord
BESKIDTE;med snavs på (bestemt form eller flertal);Tillægsord
BESKREV;gengive med ord (datid);Udsagnsord
BESKREVET;gengive med ord (kort tillægsform);Udsagnsord
BESKRIVE;gengive med ord (navnemåde);Udsagnsord
BESKRIVER;gengive med ord (nutid);Udsagnsord
BESKYTTE;skærme mod skade (navnemåde);Udsagnsord
BESKYTTE;værne mod fare (navnemåde);Udsagnsord
BESKYTTEDE;skærme mod skade (datid);Udsagnsord
BESKYTTEDE;værne mod fare (datid);Udsagnsord
BESKYTTER;skærme mod skade (nutid);Udsagnsord
BESKYTTER;værne mod fare (nutid);Udsagnsord
BESKYTTET;skærme mod skade (kort tillægsform);Udsagnsord
BESKYTTET;værne mod fare (førnutids tillægsform);Udsagnsord
BESØGE;komme til nogen som gæst (navnemåde);Udsagnsord
BESØGE;tage hen til nogen (navnemåde);Udsagnsord
BESØGER;komme til nogen som gæst (nutid);Udsagnsord
BESØGER;tage hen til nogen (nutid);Udsagnsord
BESØGT;komme til nogen som gæst (førnutids tillægsform);Udsagnsord
BESØGT;tage hen til nogen (kort tillægsform);Udsagnsord
BESØGTE;komme til nogen som gæst (datid);Udsagnsord
BESØGTE;tage hen til nogen (datid);Udsagnsord
BETALE;give penge for noget (navnemåde);Udsagnsord
BETALER;give penge for noget (nutid);Udsagnsord
BETALING;overførsel af penge for noget (ubestemt ental);Navneord – Handel
BETALINGEN;overførsel af penge for noget (bestemt ental);Navneord – Handel
BETALINGER;overførsel af penge for noget (ubestemt flertal);Navneord – Handel
BETALINGERNE;overførsel af penge for noget (bestemt flertal);Navneord – Handel
BETALT;give penge for noget (førnutids tillægsform);Udsagnsord
BETALTE;give penge for noget (datid);Udsagnsord
BETON;hårdt byggemateriale af cement (ubestemt ental);Navneord – Håndværk
BETONEN;hårdt byggemateriale af cement (bestemt ental);Navneord – Håndværk
BI;Insekt der fremstiller honning;Dyr
BI;insekt som producerer honning (ubestemt ental);Navneord
BIBLIOTEK;Sted hvor man kan låne bøger;Tid og samfund
BIBLIOTEK;sted hvor bøger kan lånes (ubestemt ental);Navneord – Uddannelse
BIBLIOTEKER;sted hvor bøger kan lånes (ubestemt flertal);Navneord – Uddannelse
BIBLIOTEKERNE;sted hvor bøger kan lånes (bestemt flertal);Navneord – Uddannelse
BIBLIOTEKET;sted hvor bøger kan lånes (bestemt ental);Navneord – Uddannelse
BIEN;insekt som producerer honning (bestemt ental);Navneord
BIER;insekt som producerer honning (ubestemt flertal);Navneord
BIERNE;insekt som producerer honning (bestemt flertal);Navneord
BIL;Motorkøretøj med normalt fire hjul;Transport
BIL;motorkøretøj med fire hjul (ubestemt ental);Navneord – Transport
BIL;motorkøretøj til vejkørsel (ubestemt ental);Navneord
BILEN;motorkøretøj med fire hjul (bestemt ental);Navneord – Transport
BILEN;motorkøretøj til vejkørsel (bestemt ental);Navneord
BILER;motorkøretøj med fire hjul (ubestemt flertal);Navneord – Transport
BILER;motorkøretøj til vejkørsel (ubestemt flertal);Navneord
BILERNE;motorkøretøj med fire hjul (bestemt flertal);Navneord – Transport
BILERNE;motorkøretøj til vejkørsel (bestemt flertal);Navneord
BILLE;Insekt med hårde forvinger;Dyr
BILLEDE;Visuel gengivelse af noget;Fritid
BILLEDE;visuel fremstilling (ubestemt ental);Navneord
BILLEDER;visuel fremstilling (ubestemt flertal);Navneord
BILLEDERNE;visuel fremstilling (bestemt flertal);Navneord
BILLEDET;visuel fremstilling (bestemt ental);Navneord
BILLET;Bevis på ret til en rejse;Transport
BILLET;bevis for adgang eller rejse (ubestemt ental);Navneord – Transport
BILLETTEN;bevis for adgang eller rejse (bestemt ental);Navneord – Transport
BILLETTER;bevis for adgang eller rejse (ubestemt flertal);Navneord – Transport
BILLETTERNE;bevis for adgang eller rejse (bestemt flertal);Navneord – Transport
BILLIG;som koster få penge (fælleskøn);Tillægsord
BILLIG;som koster lidt (grundform);Tillægsord
BILLIGE;som koster få penge (flertal eller bestemt form);Tillægsord
BILLIGE;som koster lidt (bestemt form eller flertal);Tillægsord
BILLIGERE;som koster få penge (komparativ);Tillægsord
BILLIGERE;som koster lidt (komparativ);Tillægsord
BILLIGST;som koster få penge (superlativ);Tillægsord
BILLIGST;som koster lidt (superlativ);Tillægsord
BILLIGT;som koster få penge (intetkøn);Tillægsord
BILLIGT;som koster lidt (intetkøn);Tillægsord
BIOGRAF;Sted hvor man ser film;Tid og samfund
BIRK;Træ med lys bark;Natur
BITRE;med skarp ubehagelig smag (bestemt form eller flertal);Tillægsord
BITRERE;med skarp ubehagelig smag (komparativ);Tillægsord
BITREST;med skarp ubehagelig smag (superlativ);Tillægsord
BITTER;med skarp ubehagelig smag (grundform);Tillægsord
BITTERT;med skarp ubehagelig smag (intetkøn);Tillægsord
BJERG;Stor naturlig forhøjning i landskabet;Natur
BJERG;høj naturlig landform (ubestemt ental);Navneord – Natur
BJERG;stor naturlig forhøjning (ubestemt ental);Navneord
BJERGE;høj naturlig landform (ubestemt flertal);Navneord – Natur
BJERGE;stor naturlig forhøjning (ubestemt flertal);Navneord
BJERGENE;høj naturlig landform (bestemt flertal);Navneord – Natur
BJERGENE;stor naturlig forhøjning (bestemt flertal);Navneord
BJERGET;høj naturlig landform (bestemt ental);Navneord – Natur
BJERGET;stor naturlig forhøjning (bestemt ental);Navneord
BJÆLKE;lang bærende bygningsdel (ubestemt ental);Navneord – Håndværk
BJÆLKEN;lang bærende bygningsdel (bestemt ental);Navneord – Håndværk
BJÆLKER;lang bærende bygningsdel (ubestemt flertal);Navneord – Håndværk
BJÆLKERNE;lang bærende bygningsdel (bestemt flertal);Navneord – Håndværk
BJØRN;Stort kraftigt rovdyr;Dyr
BJØRN;stort kraftigt rovdyr (ubestemt ental);Navneord – Dyr
BJØRN;stort pelsklædt rovdyr (ubestemt ental);Navneord
BJØRNE;stort kraftigt rovdyr (ubestemt flertal);Navneord – Dyr
BJØRNE;stort pelsklædt rovdyr (ubestemt flertal);Navneord
BJØRNEN;stort kraftigt rovdyr (bestemt ental);Navneord – Dyr
BJØRNEN;stort pelsklædt rovdyr (bestemt ental);Navneord
BJØRNENE;stort kraftigt rovdyr (bestemt flertal);Navneord – Dyr
BJØRNENE;stort pelsklædt rovdyr (bestemt flertal);Navneord
BLAD;Grøn plantedel der laver fotosyntese;Natur
BLAD;Tidsskrift med artikler og billeder;Fritid
BLAD;flad grøn plantedel (ubestemt ental);Navneord – Natur
BLAD;grøn plantedel der optager sollys (ubestemt ental);Navneord
BLADE;flad grøn plantedel (ubestemt flertal);Navneord – Natur
BLADE;grøn plantedel der optager sollys (ubestemt flertal);Navneord
BLADENE;flad grøn plantedel (bestemt flertal);Navneord – Natur
BLADENE;grøn plantedel der optager sollys (bestemt flertal);Navneord
BLADET;flad grøn plantedel (bestemt ental);Navneord – Natur
BLADET;grøn plantedel der optager sollys (bestemt ental);Navneord
BLANDE;føre flere ting sammen (navnemåde);Udsagnsord
BLANDEDE;føre flere ting sammen (datid);Udsagnsord
BLANDER;føre flere ting sammen (nutid);Udsagnsord
BLANDET;føre flere ting sammen (kort tillægsform);Udsagnsord
BLOD;Rød væske der løber i årerne;Menneske
BLOMKÅL;Lys kål med tæt blomsterhoved;Mad
BLOMKÅL;hvid kålsort (ubestemt ental);Navneord – Mad
BLOMKÅL;hvid kålsort (ubestemt flertal);Navneord – Mad
BLOMKÅLEN;hvid kålsort (bestemt ental);Navneord – Mad
BLOMKÅLENE;hvid kålsort (bestemt flertal);Navneord – Mad
BLOMME;Rund stenfrugt med glat skræl;Mad
BLOMME;lille rund stenfrugt (ubestemt ental);Navneord – Mad
BLOMMEN;lille rund stenfrugt (bestemt ental);Navneord – Mad
BLOMMER;lille rund stenfrugt (ubestemt flertal);Navneord – Mad
BLOMMERNE;lille rund stenfrugt (bestemt flertal);Navneord – Mad
BLOMST;Plantedel der ofte har kronblade;Natur
BLOMST;plantens blomstrende del (ubestemt ental);Navneord
BLOMSTEN;plantens blomstrende del (bestemt ental);Navneord
BLOMSTER;plantens blomstrende del (ubestemt flertal);Navneord
BLOMSTERNE;plantens blomstrende del (bestemt flertal);Navneord
BLOMSTRE;sætte blomster (navnemåde);Udsagnsord
BLOMSTREDE;sætte blomster (datid);Udsagnsord
BLOMSTRER;sætte blomster (nutid);Udsagnsord
BLOMSTRET;sætte blomster (førnutids tillægsform);Udsagnsord
BLOMSTRET;sætte blomster (kort tillægsform);Udsagnsord
BLYANT;Skriveredskab med grafit;Fritid
BLÅ;med farve som himlen (bestemt form eller flertal);Tillægsord
BLÅ;med farve som himlen (grundform);Tillægsord
BLÅBÆR;Lille mørkeblåt bær;Mad
BLÅBÆR;lille mørkeblåt bær (ubestemt ental);Navneord – Mad
BLÅBÆR;lille mørkeblåt bær (ubestemt flertal);Navneord – Mad
BLÅBÆRRENE;lille mørkeblåt bær (bestemt flertal);Navneord – Mad
BLÅBÆRRET;lille mørkeblåt bær (bestemt ental);Navneord – Mad
BLÅERE;med farve som himlen (komparativ);Tillægsord
BLÅEST;med farve som himlen (superlativ);Tillægsord
BLÅT;med farve som himlen (intetkøn);Tillægsord
BLÆKSPRUTTE;Havdyr med mange arme;Dyr
BLÆSE;bevæge luft kraftigt (navnemåde);Udsagnsord
BLÆSER;bevæge luft kraftigt (nutid);Udsagnsord
BLÆST;bevæge luft kraftigt (kort tillægsform);Udsagnsord
BLÆSTE;bevæge luft kraftigt (datid);Udsagnsord
BLØD;let at trykke sammen (grundform);Tillægsord
BLØD;nem at trykke ind (fælleskøn);Tillægsord
BLØDE;let at trykke sammen (bestemt form eller flertal);Tillægsord
BLØDE;nem at trykke ind (flertal eller bestemt form);Tillægsord
BLØDERE;let at trykke sammen (komparativ);Tillægsord
BLØDERE;nem at trykke ind (komparativ);Tillægsord
BLØDEST;let at trykke sammen (superlativ);Tillægsord
BLØDEST;nem at trykke ind (superlativ);Tillægsord
BLØDT;let at trykke sammen (intetkøn);Tillægsord
BLØDT;nem at trykke ind (intetkøn);Tillægsord
BO;have sin bolig et sted (navnemåde);Udsagnsord
BOEDE;have sin bolig et sted (datid);Udsagnsord
BOET;have sin bolig et sted (førnutids tillægsform);Udsagnsord
BOG;Trykt eller digital tekstsamling;Fritid
BOG;trykt eller digitalt værk med tekst (ubestemt ental);Navneord
BOGEN;trykt eller digitalt værk med tekst (bestemt ental);Navneord
BOGSTAV;Tegn i alfabetet;Fritid
BOGSTAV;tegn i alfabetet (ubestemt ental);Navneord
BOGSTAVER;tegn i alfabetet (ubestemt flertal);Navneord
BOGSTAVERNE;tegn i alfabetet (bestemt flertal);Navneord
BOGSTAVET;tegn i alfabetet (bestemt ental);Navneord
BOLD;rund genstand til spil (ubestemt ental);Navneord – Sport
BOLD;rund genstand til sport (ubestemt ental);Navneord
BOLDE;rund genstand til spil (ubestemt flertal);Navneord – Sport
BOLDE;rund genstand til sport (ubestemt flertal);Navneord
BOLDEN;rund genstand til spil (bestemt ental);Navneord – Sport
BOLDEN;rund genstand til sport (bestemt ental);Navneord
BOLDENE;rund genstand til spil (bestemt flertal);Navneord – Sport
BOLDENE;rund genstand til sport (bestemt flertal);Navneord
BOLLE;Lille rundt brød;Mad
BOLLE;lille rundt brød (ubestemt ental);Navneord
BOLLE;lille rundt stykke brød (ubestemt ental);Navneord – Mad
BOLLEN;lille rundt brød (bestemt ental);Navneord
BOLLEN;lille rundt stykke brød (bestemt ental);Navneord – Mad
BOLLER;lille rundt brød (ubestemt flertal);Navneord
BOLLER;lille rundt stykke brød (ubestemt flertal);Navneord – Mad
BOLLERNE;lille rundt brød (bestemt flertal);Navneord
BOLLERNE;lille rundt stykke brød (bestemt flertal);Navneord – Mad
BOLT;gevindskåret fastgørelsesstang (ubestemt ental);Navneord – Håndværk
BOLTE;gevindskåret fastgørelsesstang (ubestemt flertal);Navneord – Håndværk
BOLTEN;gevindskåret fastgørelsesstang (bestemt ental);Navneord – Håndværk
BOLTENE;gevindskåret fastgørelsesstang (bestemt flertal);Navneord – Håndværk
BOR;have sin bolig et sted (nutid);Udsagnsord
BOR;redskab der laver huller (ubestemt ental);Navneord – Håndværk
BOR;redskab der laver huller (ubestemt flertal);Navneord – Håndværk
BORD;Møbel med vandret plade;Hjem
BORD;møbel med en vandret plade (ubestemt ental);Navneord
BORDE;møbel med en vandret plade (ubestemt flertal);Navneord
BORDENE;møbel med en vandret plade (bestemt flertal);Navneord
BORDET;møbel med en vandret plade (bestemt ental);Navneord
BORE;lave hul med bor (navnemåde);Udsagnsord
BOREDE;lave hul med bor (datid);Udsagnsord
BOREMASKINE;maskine til at bore huller (ubestemt ental);Navneord – Håndværk
BOREMASKINEN;maskine til at bore huller (bestemt ental);Navneord – Håndværk
BOREMASKINER;maskine til at bore huller (ubestemt flertal);Navneord – Håndværk
BOREMASKINERNE;maskine til at bore huller (bestemt flertal);Navneord – Håndværk
BORENE;redskab der laver huller (bestemt flertal);Navneord – Håndværk
BORER;lave hul med bor (nutid);Udsagnsord
BORET;lave hul med bor (kort tillægsform);Udsagnsord
BORET;redskab der laver huller (bestemt ental);Navneord – Håndværk
BORGER;Person der er medlem af et samfund;Tid og samfund
BRAGT;føre noget til et sted (kort tillægsform);Udsagnsord
BRAGT;tage noget med til et sted (førnutids tillægsform);Udsagnsord
BRAGTE;føre noget til et sted (datid);Udsagnsord
BRAGTE;tage noget med til et sted (datid);Udsagnsord
BRANDMAND;Person der slukker brande;Menneske
BRED;med stor bredde (fælleskøn);Tillægsord
BRED;med stor tværgående afstand (grundform);Tillægsord
BREDE;med stor bredde (flertal eller bestemt form);Tillægsord
BREDE;med stor tværgående afstand (bestemt form eller flertal);Tillægsord
BREDERE;med stor bredde (komparativ);Tillægsord
BREDERE;med stor tværgående afstand (komparativ);Tillægsord
BREDEST;med stor bredde (superlativ);Tillægsord
BREDEST;med stor tværgående afstand (superlativ);Tillægsord
BREDT;med stor bredde (intetkøn);Tillægsord
BREDT;med stor tværgående afstand (intetkøn);Tillægsord
BREGNE;Plante med fjerformede blade;Natur
BREMSE;Mekanisme der sænker farten;Transport
BREMSE;anordning der sænker hastighed (ubestemt ental);Navneord – Transport
BREMSEN;anordning der sænker hastighed (bestemt ental);Navneord – Transport
BREMSER;anordning der sænker hastighed (ubestemt flertal);Navneord – Transport
BREMSERNE;anordning der sænker hastighed (bestemt flertal);Navneord – Transport
BREV;skriftlig besked til en modtager (ubestemt ental);Navneord
BREVE;skriftlig besked til en modtager (ubestemt flertal);Navneord
BREVENE;skriftlig besked til en modtager (bestemt flertal);Navneord
BREVET;skriftlig besked til en modtager (bestemt ental);Navneord
BRINGE;føre noget til et sted (navnemåde);Udsagnsord
BRINGE;tage noget med til et sted (navnemåde);Udsagnsord
BRINGER;føre noget til et sted (nutid);Udsagnsord
BRINGER;tage noget med til et sted (nutid);Udsagnsord
BRO;Konstruktion der fører over en hindring;Transport
BRO;forbindelse over vand eller vej (ubestemt ental);Navneord – Transport
BROCCOLI;Grøn kål med små blomsterknopper;Mad
BROCCOLI;grøn kål med små blomsterknopper (ubestemt ental);Navneord – Mad
BROCCOLIEN;grøn kål med små blomsterknopper (bestemt ental);Navneord – Mad
BROEN;forbindelse over vand eller vej (bestemt ental);Navneord – Transport
BROER;forbindelse over vand eller vej (ubestemt flertal);Navneord – Transport
BROERNE;forbindelse over vand eller vej (bestemt flertal);Navneord – Transport
BROMBÆR;Mørkt bær fra en tornet busk;Mad
BROMBÆR;mørkt bær med mange delbær (ubestemt ental);Navneord – Mad
BROMBÆR;mørkt bær med mange delbær (ubestemt flertal);Navneord – Mad
BROMBÆRRENE;mørkt bær med mange delbær (bestemt flertal);Navneord – Mad
BROMBÆRRET;mørkt bær med mange delbær (bestemt ental);Navneord – Mad
BROR;Mandligt søskende;Menneske
BROR;mandligt søskende (ubestemt ental);Navneord
BROREN;mandligt søskende (bestemt ental);Navneord
BROWSER;Program der viser hjemmesider;IT
BROWSER;program til hjemmesider (ubestemt ental);Navneord – Teknologi
BROWSERE;program til hjemmesider (ubestemt flertal);Navneord – Teknologi
BROWSEREN;program til hjemmesider (bestemt ental);Navneord – Teknologi
BROWSERNE;program til hjemmesider (bestemt flertal);Navneord – Teknologi
BRUGE;tage i anvendelse (navnemåde);Udsagnsord
BRUGER;Person med adgang til et system;IT
BRUGER;person der anvender et system (ubestemt ental);Navneord – Teknologi
BRUGER;tage i anvendelse (nutid);Udsagnsord
BRUGERE;person der anvender et system (ubestemt flertal);Navneord – Teknologi
BRUGEREN;person der anvender et system (bestemt ental);Navneord – Teknologi
BRUGERNE;person der anvender et system (bestemt flertal);Navneord – Teknologi
BRUGT;tage i anvendelse (førnutids tillægsform);Udsagnsord
BRUGTE;tage i anvendelse (datid);Udsagnsord
BRUN;med farve som jord (grundform);Tillægsord
BRUNE;med farve som jord (bestemt form eller flertal);Tillægsord
BRUNERE;med farve som jord (komparativ);Tillægsord
BRUNEST;med farve som jord (superlativ);Tillægsord
BRUNT;med farve som jord (intetkøn);Tillægsord
BRUSER;Anordning der spreder vand under bad;Hjem
BRUSER;anordning der spreder vand til bad (ubestemt ental);Navneord – Hjem
BRUSERE;anordning der spreder vand til bad (ubestemt flertal);Navneord – Hjem
BRUSEREN;anordning der spreder vand til bad (bestemt ental);Navneord – Hjem
BRUSERNE;anordning der spreder vand til bad (bestemt flertal);Navneord – Hjem
BRYST;Forsiden af overkroppen;Menneske
BRÆDDER;langt stykke savet træ (ubestemt flertal);Navneord – Håndværk
BRÆDDERNE;langt stykke savet træ (bestemt flertal);Navneord – Håndværk
BRÆT;langt stykke savet træ (ubestemt ental);Navneord – Håndværk
BRÆTSPIL;Spil der foregår på en plade;Fritid
BRÆTTET;langt stykke savet træ (bestemt ental);Navneord – Håndværk
BRØD;Bagværk af mel og vand;Mad
BRØD;bagt mad af mel (ubestemt ental);Navneord – Mad
BRØD;bagt mad af mel (ubestemt flertal);Navneord – Mad
BRØD;bagværk af mel og vand (ubestemt ental);Navneord
BRØD;bagværk af mel og vand (ubestemt flertal);Navneord
BRØDENE;bagt mad af mel (bestemt flertal);Navneord – Mad
BRØDENE;bagværk af mel og vand (bestemt flertal);Navneord
BRØDET;bagt mad af mel (bestemt ental);Navneord – Mad
BRØDET;bagværk af mel og vand (bestemt ental);Navneord
BRØDRE;mandligt søskende (ubestemt flertal);Navneord
BRØDRENE;mandligt søskende (bestemt flertal);Navneord
BRØND;dybt hul hvorfra vand hentes (ubestemt ental);Navneord – Natur
BRØNDE;dybt hul hvorfra vand hentes (ubestemt flertal);Navneord – Natur
BRØNDEN;dybt hul hvorfra vand hentes (bestemt ental);Navneord – Natur
BRØNDENE;dybt hul hvorfra vand hentes (bestemt flertal);Navneord – Natur
BUDGET;plan over indtægter og udgifter (ubestemt ental);Navneord – Samfund
BUDGETTER;plan over indtægter og udgifter (ubestemt flertal);Navneord – Samfund
BUDGETTERNE;plan over indtægter og udgifter (bestemt flertal);Navneord – Samfund
BUDGETTET;plan over indtægter og udgifter (bestemt ental);Navneord – Samfund
BUGT;indskæring i kystlinjen (ubestemt ental);Navneord – Natur
BUGTEN;indskæring i kystlinjen (bestemt ental);Navneord – Natur
BUGTER;indskæring i kystlinjen (ubestemt flertal);Navneord – Natur
BUGTERNE;indskæring i kystlinjen (bestemt flertal);Navneord – Natur
BURGER;Bolle med bøf og tilbehør;Mad
BUS;Stort køretøj til mange passagerer;Transport
BUS;stort køretøj til passagerer (ubestemt ental);Navneord – Transport
BUSK;lav vedagtig plante (ubestemt ental);Navneord – Natur
BUSKE;lav vedagtig plante (ubestemt flertal);Navneord – Natur
BUSKEN;lav vedagtig plante (bestemt ental);Navneord – Natur
BUSKENE;lav vedagtig plante (bestemt flertal);Navneord – Natur
BUSSEN;stort køretøj til passagerer (bestemt ental);Navneord – Transport
BUSSER;stort køretøj til passagerer (ubestemt flertal);Navneord – Transport
BUSSERNE;stort køretøj til passagerer (bestemt flertal);Navneord – Transport
BUTIK;Sted hvor varer sælges;Tid og samfund
BUTIK;sted hvor man køber varer (ubestemt ental);Navneord
BUTIK;sted hvor varer sælges (ubestemt ental);Navneord – Handel
BUTIKKEN;sted hvor man køber varer (bestemt ental);Navneord
BUTIKKEN;sted hvor varer sælges (bestemt ental);Navneord – Handel
BUTIKKER;sted hvor man køber varer (ubestemt flertal);Navneord
BUTIKKER;sted hvor varer sælges (ubestemt flertal);Navneord – Handel
BUTIKKERNE;sted hvor man køber varer (bestemt flertal);Navneord
BUTIKKERNE;sted hvor varer sælges (bestemt flertal);Navneord – Handel
BY;Større samling af huse og gader;Tid og samfund
BY;tæt bebygget område (ubestemt ental);Navneord
BYEN;tæt bebygget område (bestemt ental);Navneord
BYER;tæt bebygget område (ubestemt flertal);Navneord
BYERNE;tæt bebygget område (bestemt flertal);Navneord
BYGGE;opføre noget (navnemåde);Udsagnsord
BYGGE;sætte dele sammen til konstruktion (navnemåde);Udsagnsord
BYGGEDE;opføre noget (datid);Udsagnsord
BYGGEDE;sætte dele sammen til konstruktion (datid);Udsagnsord
BYGGER;opføre noget (nutid);Udsagnsord
BYGGER;sætte dele sammen til konstruktion (nutid);Udsagnsord
BYGGET;opføre noget (førnutids tillægsform);Udsagnsord
BYGGET;sætte dele sammen til konstruktion (kort tillægsform);Udsagnsord
BÅD;Mindre fartøj på vandet;Transport
BÅD;fartøj der sejler på vand (ubestemt ental);Navneord
BÅD;mindre fartøj på vand (ubestemt ental);Navneord – Transport
BÅDE;fartøj der sejler på vand (ubestemt flertal);Navneord
BÅDE;mindre fartøj på vand (ubestemt flertal);Navneord – Transport
BÅDEN;fartøj der sejler på vand (bestemt ental);Navneord
BÅDEN;mindre fartøj på vand (bestemt ental);Navneord – Transport
BÅDENE;fartøj der sejler på vand (bestemt flertal);Navneord
BÅDENE;mindre fartøj på vand (bestemt flertal);Navneord – Transport
BÅL;Kontrolleret ild udendørs;Fritid
BÅRET;holde og flytte en byrde (kort tillægsform);Udsagnsord
BÅRET;transportere noget med kroppen (førnutids tillægsform);Udsagnsord
BÆK;lille vandløb (ubestemt ental);Navneord – Natur
BÆKKE;lille vandløb (ubestemt flertal);Navneord – Natur
BÆKKEN;lille vandløb (bestemt ental);Navneord – Natur
BÆKKENE;lille vandløb (bestemt flertal);Navneord – Natur
BÆRE;holde og flytte en byrde (navnemåde);Udsagnsord
BÆRE;transportere noget med kroppen (navnemåde);Udsagnsord
BÆRER;holde og flytte en byrde (nutid);Udsagnsord
BÆRER;transportere noget med kroppen (nutid);Udsagnsord
BØG;Træ med glat grå bark;Natur
BØGER;trykt eller digitalt værk med tekst (ubestemt flertal);Navneord
BØGERNE;trykt eller digitalt værk med tekst (bestemt flertal);Navneord
BØLGE;bevægelse der breder sig (ubestemt ental);Navneord – Natur
BØLGE;bevægelse på vandoverfladen (ubestemt ental);Navneord
BØLGEN;bevægelse der breder sig (bestemt ental);Navneord – Natur
BØLGEN;bevægelse på vandoverfladen (bestemt ental);Navneord
BØLGER;bevægelse der breder sig (ubestemt flertal);Navneord – Natur
BØLGER;bevægelse på vandoverfladen (ubestemt flertal);Navneord
BØLGERNE;bevægelse der breder sig (bestemt flertal);Navneord – Natur
BØLGERNE;bevægelse på vandoverfladen (bestemt flertal);Navneord
BØNNE;Spiselig frø eller bælg;Mad
BØNNE;spiselig bælgfrugt (ubestemt ental);Navneord – Mad
BØNNEN;spiselig bælgfrugt (bestemt ental);Navneord – Mad
BØNNER;spiselig bælgfrugt (ubestemt flertal);Navneord – Mad
BØNNERNE;spiselig bælgfrugt (bestemt flertal);Navneord – Mad
BØRN;ungt menneske (ubestemt flertal);Navneord
BØRNENE;ungt menneske (bestemt flertal);Navneord
BØRSTE;Redskab med hår til rengøring;Hjem
CAMPING;Ferie med telt eller campingvogn;Fritid
CEMENT;bindemiddel til beton (ubestemt ental);Navneord – Håndværk
CEMENTEN;bindemiddel til beton (bestemt ental);Navneord – Håndværk
CEMENTER;bindemiddel til beton (ubestemt flertal);Navneord – Håndværk
CEMENTERNE;bindemiddel til beton (bestemt flertal);Navneord – Håndværk
CHAUFFØR;person der kører et køretøj (ubestemt ental);Navneord
CHAUFFØREN;person der kører et køretøj (bestemt ental);Navneord
CHAUFFØRER;person der kører et køretøj (ubestemt flertal);Navneord
CHAUFFØRERNE;person der kører et køretøj (bestemt flertal);Navneord
CHEF;person der leder medarbejdere (ubestemt ental);Navneord – Arbejde
CHEFEN;person der leder medarbejdere (bestemt ental);Navneord – Arbejde
CHEFER;person der leder medarbejdere (ubestemt flertal);Navneord – Arbejde
CHEFERNE;person der leder medarbejdere (bestemt flertal);Navneord – Arbejde
CHIP;lille elektronisk kredsløb (ubestemt ental);Navneord – Teknologi
CHIPPEN;lille elektronisk kredsløb (bestemt ental);Navneord – Teknologi
CHIPS;lille elektronisk kredsløb (ubestemt flertal);Navneord – Teknologi
CHIPSENE;lille elektronisk kredsløb (bestemt flertal);Navneord – Teknologi
CHOKOLADE;Sød masse fremstillet af kakao;Mad
CITRON;Gul meget syrlig citrusfrugt;Mad
CITRON;gul sur citrusfrugt (ubestemt ental);Navneord – Mad
CITRON;gul syrlig citrusfrugt (ubestemt ental);Navneord
CITRONEN;gul sur citrusfrugt (bestemt ental);Navneord – Mad
CITRONEN;gul syrlig citrusfrugt (bestemt ental);Navneord
CITRONER;gul sur citrusfrugt (ubestemt flertal);Navneord – Mad
CITRONER;gul syrlig citrusfrugt (ubestemt flertal);Navneord
CITRONERNE;gul sur citrusfrugt (bestemt flertal);Navneord – Mad
CITRONERNE;gul syrlig citrusfrugt (bestemt flertal);Navneord
COMPUTER;Elektronisk maskine til databehandling;IT
COMPUTER;elektronisk databehandlingsmaskine (ubestemt ental);Navneord
COMPUTER;programmerbar elektronisk maskine (ubestemt ental);Navneord – Teknologi
COMPUTERE;elektronisk databehandlingsmaskine (ubestemt flertal);Navneord
COMPUTERE;programmerbar elektronisk maskine (ubestemt flertal);Navneord – Teknologi
COMPUTEREN;elektronisk databehandlingsmaskine (bestemt ental);Navneord
COMPUTEREN;programmerbar elektronisk maskine (bestemt ental);Navneord – Teknologi
COMPUTERNE;elektronisk databehandlingsmaskine (bestemt flertal);Navneord
COMPUTERNE;programmerbar elektronisk maskine (bestemt flertal);Navneord – Teknologi
CYKEL;Tohjulet køretøj med pedaler;Transport
CYKEL;tohjulet køretøj med pedaler (ubestemt ental);Navneord
CYKELSTI;Færdselsareal beregnet til cykler;Transport
CYKLE;køre på cykel (navnemåde);Udsagnsord
CYKLEDE;køre på cykel (datid);Udsagnsord
CYKLEN;tohjulet køretøj med pedaler (bestemt ental);Navneord
CYKLER;køre på cykel (nutid);Udsagnsord
CYKLER;tohjulet køretøj med pedaler (ubestemt flertal);Navneord
CYKLERNE;tohjulet køretøj med pedaler (bestemt flertal);Navneord
CYKLET;køre på cykel (førnutids tillægsform);Udsagnsord
CYKLET;køre på cykel (kort tillægsform);Udsagnsord
CYKLING;Idræt eller transport på cykel;Fritid
DAG;Tiden mellem solopgang og solnedgang;Natur
DAG;tidsrum på 24 timer (ubestemt ental);Navneord
DAGE;tidsrum på 24 timer (ubestemt flertal);Navneord
DAGEN;tidsrum på 24 timer (bestemt ental);Navneord
DAGENE;tidsrum på 24 timer (bestemt flertal);Navneord
DAL;Lavt område mellem højder;Natur
DAL;lavning mellem højder (ubestemt ental);Navneord – Natur
DALE;lavning mellem højder (ubestemt flertal);Navneord – Natur
DALEN;lavning mellem højder (bestemt ental);Navneord – Natur
DALENE;lavning mellem højder (bestemt flertal);Navneord – Natur
DAM;lille stillestående vandhul (ubestemt ental);Navneord – Natur
DAMME;lille stillestående vandhul (ubestemt flertal);Navneord – Natur
DAMMEN;lille stillestående vandhul (bestemt ental);Navneord – Natur
DAMMENE;lille stillestående vandhul (bestemt flertal);Navneord – Natur
DANS;Bevægelse til musik;Fritid
DANSE;bevæge sig rytmisk til musik (navnemåde);Udsagnsord
DANSEDE;bevæge sig rytmisk til musik (datid);Udsagnsord
DANSER;bevæge sig rytmisk til musik (nutid);Udsagnsord
DANSET;bevæge sig rytmisk til musik (førnutids tillægsform);Udsagnsord
DATABASE;Organiseret samling af data;IT
DATABASE;organiseret samling af data (ubestemt ental);Navneord – Teknologi
DATABASEN;organiseret samling af data (bestemt ental);Navneord – Teknologi
DATABASER;organiseret samling af data (ubestemt flertal);Navneord – Teknologi
DATABASERNE;organiseret samling af data (bestemt flertal);Navneord – Teknologi
DATO;Angivelse af dag måned og år;Tid og samfund
DATTER;Kvindeligt barn af sine forældre;Menneske
DECEMBER;Årets sidste måned;Tid og samfund
DEKRYPTERE;gøre krypterede data læsbare (navnemåde);Udsagnsord
DEKRYPTEREDE;gøre krypterede data læsbare (datid);Udsagnsord
DEKRYPTERER;gøre krypterede data læsbare (nutid);Udsagnsord
DEKRYPTERET;gøre krypterede data læsbare (førnutids tillægsform);Udsagnsord
DEKRYPTERET;gøre krypterede data læsbare (kort tillægsform);Udsagnsord
DELE;opdele i dele (navnemåde);Udsagnsord
DELER;opdele i dele (nutid);Udsagnsord
DELFIN;Intelligent havpattedyr;Dyr
DELFIN;intelligent havpattedyr (ubestemt ental);Navneord – Dyr
DELFINEN;intelligent havpattedyr (bestemt ental);Navneord – Dyr
DELFINER;intelligent havpattedyr (ubestemt flertal);Navneord – Dyr
DELFINERNE;intelligent havpattedyr (bestemt flertal);Navneord – Dyr
DELT;opdele i dele (kort tillægsform);Udsagnsord
DELTE;opdele i dele (datid);Udsagnsord
DEMOKRATI;Styreform hvor folket har indflydelse;Tid og samfund
DERFOR;Af den grund;Biord
DIGITAL;som bygger på elektroniske data (grundform);Tillægsord
DIGITALE;som bygger på elektroniske data (bestemt form eller flertal);Tillægsord
DIGITALT;som bygger på elektroniske data (intetkøn);Tillægsord
DIGT;Tekst ofte skrevet på vers;Fritid
DIGT;kort tekst skrevet i vers (ubestemt ental);Navneord – Medier
DIGTE;kort tekst skrevet i vers (ubestemt flertal);Navneord – Medier
DIGTENE;kort tekst skrevet i vers (bestemt flertal);Navneord – Medier
DIGTET;kort tekst skrevet i vers (bestemt ental);Navneord – Medier
DOMSTOL;Myndighed der afgør retssager;Tid og samfund
DOVEN;som ikke gider arbejde (grundform);Tillægsord
DOVENT;som ikke gider arbejde (intetkøn);Tillægsord
DOVNE;som ikke gider arbejde (bestemt form eller flertal);Tillægsord
DOVNERE;som ikke gider arbejde (komparativ);Tillægsord
DOVNEST;som ikke gider arbejde (superlativ);Tillægsord
DOWNLOADE;hente data fra et netværk (navnemåde);Udsagnsord
DOWNLOADEDE;hente data fra et netværk (datid);Udsagnsord
DOWNLOADER;hente data fra et netværk (nutid);Udsagnsord
DOWNLOADET;hente data fra et netværk (førnutids tillægsform);Udsagnsord
DRAK;indtage væske (datid);Udsagnsord
DRIKKE;indtage væske (navnemåde);Udsagnsord
DRIKKER;indtage væske (nutid);Udsagnsord
DRUE;Lille frugt der vokser i klaser;Mad
DRUKKET;indtage væske (førnutids tillægsform);Udsagnsord
DRYPPE;falde i små dråber (navnemåde);Udsagnsord
DRYPPEDE;falde i små dråber (datid);Udsagnsord
DRYPPER;falde i små dråber (nutid);Udsagnsord
DRYPPET;falde i små dråber (kort tillægsform);Udsagnsord
DRØM;Oplevelse under søvn;Menneske
DRØMME;opleve forestillinger under søvn (navnemåde);Udsagnsord
DRØMMER;opleve forestillinger under søvn (nutid);Udsagnsord
DRØMT;opleve forestillinger under søvn (førnutids tillægsform);Udsagnsord
DRØMTE;opleve forestillinger under søvn (datid);Udsagnsord
DUE;Fugl der ofte ses på torve;Dyr
DUG;Små vanddråber på kølige flader;Natur
DUG;stof til at dække et bord (ubestemt ental);Navneord – Hverdag
DUGE;stof til at dække et bord (ubestemt flertal);Navneord – Hverdag
DUGEN;stof til at dække et bord (bestemt ental);Navneord – Hverdag
DUGENE;stof til at dække et bord (bestemt flertal);Navneord – Hverdag
DYGTIG;god til noget (grundform);Tillægsord
DYGTIG;med gode færdigheder (fælleskøn);Tillægsord
DYGTIGE;god til noget (bestemt form eller flertal);Tillægsord
DYGTIGE;med gode færdigheder (flertal eller bestemt form);Tillægsord
DYGTIGERE;god til noget (komparativ);Tillægsord
DYGTIGERE;med gode færdigheder (komparativ);Tillægsord
DYGTIGST;god til noget (superlativ);Tillægsord
DYGTIGST;med gode færdigheder (superlativ);Tillægsord
DYGTIGT;god til noget (intetkøn);Tillægsord
DYGTIGT;med gode færdigheder (intetkøn);Tillægsord
DYKKE;bevæge sig ned under vand (navnemåde);Udsagnsord
DYKKEDE;bevæge sig ned under vand (datid);Udsagnsord
DYKKER;bevæge sig ned under vand (nutid);Udsagnsord
DYKKET;bevæge sig ned under vand (kort tillægsform);Udsagnsord
DYNE;Varmt sengetæppe med fyld;Hjem
DYNE;varmt sengetæppe (ubestemt ental);Navneord
DYNEN;varmt sengetæppe (bestemt ental);Navneord
DYNER;varmt sengetæppe (ubestemt flertal);Navneord
DYNERNE;varmt sengetæppe (bestemt flertal);Navneord
DYR;som koster mange penge (fælleskøn);Tillægsord
DYR;som koster meget (grundform);Tillægsord
DYRE;som koster mange penge (flertal eller bestemt form);Tillægsord
DYRE;som koster meget (bestemt form eller flertal);Tillægsord
DYRERE;som koster mange penge (komparativ);Tillægsord
DYRERE;som koster meget (komparativ);Tillægsord
DYREST;som koster mange penge (superlativ);Tillægsord
DYREST;som koster meget (superlativ);Tillægsord
DYRT;som koster mange penge (intetkøn);Tillægsord
DYRT;som koster meget (intetkøn);Tillægsord
DÅRLIG;af lav kvalitet (grundform);Tillægsord
DÅRLIG;af ringe kvalitet (fælleskøn);Tillægsord
DÅRLIGE;af lav kvalitet (bestemt form eller flertal);Tillægsord
DÅRLIGE;af ringe kvalitet (flertal eller bestemt form);Tillægsord
DÅRLIGT;af lav kvalitet (intetkøn);Tillægsord
DÅRLIGT;af ringe kvalitet (intetkøn);Tillægsord
DÆK;Gummibelægning rundt om et hjul;Transport
DÆK;gummidel omkring et hjul (ubestemt ental);Navneord – Transport
DÆK;gummidel omkring et hjul (ubestemt flertal);Navneord – Transport
DÆKKENE;gummidel omkring et hjul (bestemt flertal);Navneord – Transport
DÆKKET;gummidel omkring et hjul (bestemt ental);Navneord – Transport
DØGN;Tidsrum på fireogtyve timer;Tid og samfund
DØR;Åbning med plade der kan lukkes;Hjem
DØR;åbning der kan lukkes (ubestemt ental);Navneord
DØR;åbning der kan lukkes med en plade (ubestemt ental);Navneord – Hjem
DØRE;åbning der kan lukkes (ubestemt flertal);Navneord
DØRE;åbning der kan lukkes med en plade (ubestemt flertal);Navneord – Hjem
DØREN;åbning der kan lukkes (bestemt ental);Navneord
DØREN;åbning der kan lukkes med en plade (bestemt ental);Navneord – Hjem
DØRENE;åbning der kan lukkes (bestemt flertal);Navneord
DØRENE;åbning der kan lukkes med en plade (bestemt flertal);Navneord – Hjem
EDDERKOP;Ottebenet spindler;Dyr
EDDIKE;Syrlig væske til dressing;Mad
EFTER;På et senere tidspunkt end;Forholdsord
EFTERMIDDAG;timerne efter middag (ubestemt ental);Navneord – Tid
EFTERMIDDAGE;timerne efter middag (ubestemt flertal);Navneord – Tid
EFTERMIDDAGEN;timerne efter middag (bestemt ental);Navneord – Tid
EFTERMIDDAGENE;timerne efter middag (bestemt flertal);Navneord – Tid
EFTERÅR;Årstiden før vinter;Natur
EFTERÅR;årstiden før vinter (ubestemt ental);Navneord – Tid
EFTERÅR;årstiden før vinter (ubestemt flertal);Navneord – Tid
EFTERÅRENE;årstiden før vinter (bestemt flertal);Navneord – Tid
EFTERÅRET;årstiden før vinter (bestemt ental);Navneord – Tid
EGERN;Trælevende gnaver med busket hale;Dyr
EGERN;lille gnaver med busket hale (ubestemt ental);Navneord – Dyr
EGERN;lille gnaver med busket hale (ubestemt flertal);Navneord – Dyr
EGERNENE;lille gnaver med busket hale (bestemt flertal);Navneord – Dyr
EGERNET;lille gnaver med busket hale (bestemt ental);Navneord – Dyr
EGETRÆ;Træ der bærer agern;Natur
EJE;have ejendomsret til noget (navnemåde);Udsagnsord
EJEDE;have ejendomsret til noget (datid);Udsagnsord
EJER;have ejendomsret til noget (nutid);Udsagnsord
EJET;have ejendomsret til noget (førnutids tillægsform);Udsagnsord
EKSAMEN;afsluttende bedømmelse (ubestemt ental);Navneord – Uddannelse
EKSAMENEN;afsluttende bedømmelse (bestemt ental);Navneord – Uddannelse
EKSAMENER;afsluttende bedømmelse (ubestemt flertal);Navneord – Uddannelse
EKSAMENERNE;afsluttende bedømmelse (bestemt flertal);Navneord – Uddannelse
ELEKTRISK;som drives af strøm (grundform);Tillægsord
ELEKTRISK;som drives af strøm (intetkøn);Tillægsord
ELEKTRISKE;som drives af strøm (bestemt form eller flertal);Tillægsord
ELEV;Person der modtager undervisning;Menneske
ELEV;person der går i skole (ubestemt ental);Navneord
ELEV;person som modtager undervisning (ubestemt ental);Navneord – Uddannelse
ELEVEN;person der går i skole (bestemt ental);Navneord
ELEVEN;person som modtager undervisning (bestemt ental);Navneord – Uddannelse
ELEVER;person der går i skole (ubestemt flertal);Navneord
ELEVER;person som modtager undervisning (ubestemt flertal);Navneord – Uddannelse
ELEVERNE;person der går i skole (bestemt flertal);Navneord
ELEVERNE;person som modtager undervisning (bestemt flertal);Navneord – Uddannelse
ELG;Meget stor hjort med brede gevirer;Dyr
ELG;stort hjortedyr (ubestemt ental);Navneord – Dyr
ELGE;stort hjortedyr (ubestemt flertal);Navneord – Dyr
ELGEN;stort hjortedyr (bestemt ental);Navneord – Dyr
ELGENE;stort hjortedyr (bestemt flertal);Navneord – Dyr
ELLER;Viser et valg mellem muligheder;Bindeord
ELSKE;holde meget af nogen (navnemåde);Udsagnsord
ELSKEDE;holde meget af nogen (datid);Udsagnsord
ELSKER;holde meget af nogen (nutid);Udsagnsord
ELSKET;holde meget af nogen (kort tillægsform);Udsagnsord
EMAIL;Elektronisk postbesked;IT
ENG;Åbent græsbevokset område;Natur
ENG;åbent græsareal (ubestemt ental);Navneord – Natur
ENGE;åbent græsareal (ubestemt flertal);Navneord – Natur
ENGEN;åbent græsareal (bestemt ental);Navneord – Natur
ENGENE;åbent græsareal (bestemt flertal);Navneord – Natur
ENKEL;uden komplicerede dele (grundform);Tillægsord
ENKELT;uden komplicerede dele (intetkøn);Tillægsord
ENKLE;uden komplicerede dele (bestemt form eller flertal);Tillægsord
ENKLERE;uden komplicerede dele (komparativ);Tillægsord
ENKLEST;uden komplicerede dele (superlativ);Tillægsord
ENTRE;Indgangsrum i en bolig;Hjem
EVENTYR;Fantastisk fortælling med opdigtede hændelser;Fritid
FAG;område for undervisning (ubestemt ental);Navneord – Uddannelse
FAG;område for undervisning (ubestemt flertal);Navneord – Uddannelse
FAGENE;område for undervisning (bestemt flertal);Navneord – Uddannelse
FAGET;område for undervisning (bestemt ental);Navneord – Uddannelse
FAKTURA;regning for leverede varer (ubestemt ental);Navneord – Handel
FAKTURAEN;regning for leverede varer (bestemt ental);Navneord – Handel
FAKTURAER;regning for leverede varer (ubestemt flertal);Navneord – Handel
FAKTURAERNE;regning for leverede varer (bestemt flertal);Navneord – Handel
FALDE;bevæge sig nedad (navnemåde);Udsagnsord
FALDE;bevæge sig nedad uden kontrol (navnemåde);Udsagnsord
FALDER;bevæge sig nedad (nutid);Udsagnsord
FALDER;bevæge sig nedad uden kontrol (nutid);Udsagnsord
FALDET;bevæge sig nedad (kort tillægsform);Udsagnsord
FALDET;bevæge sig nedad uden kontrol (førnutids tillægsform);Udsagnsord
FALDT;bevæge sig nedad (datid);Udsagnsord
FALDT;bevæge sig nedad uden kontrol (datid);Udsagnsord
FALK;Hurtig rovfugl;Dyr
FALK;hurtig rovfugl (ubestemt ental);Navneord – Dyr
FALKE;hurtig rovfugl (ubestemt flertal);Navneord – Dyr
FALKEN;hurtig rovfugl (bestemt ental);Navneord – Dyr
FALKENE;hurtig rovfugl (bestemt flertal);Navneord – Dyr
FAMILIE;Mennesker der er beslægtede;Menneske
FAMILIE;gruppe af beslægtede personer (ubestemt ental);Navneord
FAMILIEN;gruppe af beslægtede personer (bestemt ental);Navneord
FAMILIER;gruppe af beslægtede personer (ubestemt flertal);Navneord
FAMILIERNE;gruppe af beslægtede personer (bestemt flertal);Navneord
FANDT;opdage hvor noget er (datid);Udsagnsord
FANDT;opdage noget man søger (datid);Udsagnsord
FAR;Mandlig forælder;Menneske
FAR;mandlig forælder (ubestemt ental);Navneord
FAREN;mandlig forælder (bestemt ental);Navneord
FARLIG;med risiko for skade (grundform);Tillægsord
FARLIG;som kan medføre skade (fælleskøn);Tillægsord
FARLIGE;med risiko for skade (bestemt form eller flertal);Tillægsord
FARLIGE;som kan medføre skade (flertal eller bestemt form);Tillægsord
FARLIGERE;med risiko for skade (komparativ);Tillægsord
FARLIGERE;som kan medføre skade (komparativ);Tillægsord
FARLIGST;med risiko for skade (superlativ);Tillægsord
FARLIGST;som kan medføre skade (superlativ);Tillægsord
FARLIGT;med risiko for skade (intetkøn);Tillægsord
FARLIGT;som kan medføre skade (intetkøn);Tillægsord
FARVE;egenskab der gør noget rødt eller blåt (ubestemt ental);Navneord
FARVEN;egenskab der gør noget rødt eller blåt (bestemt ental);Navneord
FARVER;egenskab der gør noget rødt eller blåt (ubestemt flertal);Navneord
FARVERNE;egenskab der gør noget rødt eller blåt (bestemt flertal);Navneord
FAST;som sidder godt sammen (grundform);Tillægsord
FAST;som sidder godt sammen (intetkøn);Tillægsord
FASTE;som sidder godt sammen (bestemt form eller flertal);Tillægsord
FASTERE;som sidder godt sammen (komparativ);Tillægsord
FASTEST;som sidder godt sammen (superlativ);Tillægsord
FATTIG;med få penge eller ressourcer (fælleskøn);Tillægsord
FATTIG;med få økonomiske midler (grundform);Tillægsord
FATTIGE;med få penge eller ressourcer (flertal eller bestemt form);Tillægsord
FATTIGE;med få økonomiske midler (bestemt form eller flertal);Tillægsord
FATTIGERE;med få penge eller ressourcer (komparativ);Tillægsord
FATTIGERE;med få økonomiske midler (komparativ);Tillægsord
FATTIGST;med få penge eller ressourcer (superlativ);Tillægsord
FATTIGST;med få økonomiske midler (superlativ);Tillægsord
FATTIGT;med få penge eller ressourcer (intetkøn);Tillægsord
FATTIGT;med få økonomiske midler (intetkøn);Tillægsord
FEBRUAR;Årets anden måned;Tid og samfund
FEJL;noget der ikke er korrekt (ubestemt ental);Navneord
FEJL;noget der ikke er korrekt (ubestemt flertal);Navneord
FEJLEN;noget der ikke er korrekt (bestemt ental);Navneord
FEJLENE;noget der ikke er korrekt (bestemt flertal);Navneord
FEJLSØGE;finde årsag til fejl (navnemåde);Udsagnsord
FEJLSØGER;finde årsag til fejl (nutid);Udsagnsord
FEJLSØGT;finde årsag til fejl (kort tillægsform);Udsagnsord
FEJLSØGTE;finde årsag til fejl (datid);Udsagnsord
FERIE;Fri periode fra arbejde eller skole;Fritid
FERIE;periode fri fra arbejde eller skole (ubestemt ental);Navneord – Transport
FERIEDAG;dag hvor man holder fri (ubestemt ental);Navneord – Arbejde
FERIEDAGE;dag hvor man holder fri (ubestemt flertal);Navneord – Arbejde
FERIEDAGEN;dag hvor man holder fri (bestemt ental);Navneord – Arbejde
FERIEDAGENE;dag hvor man holder fri (bestemt flertal);Navneord – Arbejde
FERIEN;periode fri fra arbejde eller skole (bestemt ental);Navneord – Transport
FERIER;periode fri fra arbejde eller skole (ubestemt flertal);Navneord – Transport
FERIERNE;periode fri fra arbejde eller skole (bestemt flertal);Navneord – Transport
FERSKEN;Blød stenfrugt med dunet skind;Mad
FEST;social sammenkomst med fejring (ubestemt ental);Navneord
FESTEN;social sammenkomst med fejring (bestemt ental);Navneord
FESTER;social sammenkomst med fejring (ubestemt flertal);Navneord
FESTERNE;social sammenkomst med fejring (bestemt flertal);Navneord
FIK;modtage noget (datid);Udsagnsord
FIL;Navngivet samling af digitale data;IT
FIL;gemt samling af data (ubestemt ental);Navneord – Teknologi
FIL;samling af digitale data (ubestemt ental);Navneord
FILEN;gemt samling af data (bestemt ental);Navneord – Teknologi
FILEN;samling af digitale data (bestemt ental);Navneord
FILER;gemt samling af data (ubestemt flertal);Navneord – Teknologi
FILER;samling af digitale data (ubestemt flertal);Navneord
FILERNE;gemt samling af data (bestemt flertal);Navneord – Teknologi
FILERNE;samling af digitale data (bestemt flertal);Navneord
FILM;Levende billeder vist på skærm;Fritid
FILM;levende billeder med fortælling (ubestemt ental);Navneord
FILM;levende billeder med fortælling (ubestemt flertal);Navneord
FILMEN;levende billeder med fortælling (bestemt ental);Navneord
FILMENE;levende billeder med fortælling (bestemt flertal);Navneord
FINDE;opdage hvor noget er (navnemåde);Udsagnsord
FINDE;opdage noget man søger (navnemåde);Udsagnsord
FINDER;opdage hvor noget er (nutid);Udsagnsord
FINDER;opdage noget man søger (nutid);Udsagnsord
FINGER;Bevægelig del af hånden;Menneske
FINGER;smal bevægelig del af hånden (ubestemt ental);Navneord – Krop
FINGEREN;smal bevægelig del af hånden (bestemt ental);Navneord – Krop
FINGRE;smal bevægelig del af hånden (ubestemt flertal);Navneord – Krop
FINGRENE;smal bevægelig del af hånden (bestemt flertal);Navneord – Krop
FIRBEN;Lille krybdyr med hale;Dyr
FIREWALL;System der filtrerer netværkstrafik;IT
FISK;Dyr fra vandet der spises som mad;Mad
FISK;dyr som lever i vand og har gæller (ubestemt ental);Navneord
FISK;dyr som lever i vand og har gæller (ubestemt flertal);Navneord
FISKE;fange fisk (navnemåde);Udsagnsord
FISKEDE;fange fisk (datid);Udsagnsord
FISKEN;dyr som lever i vand og har gæller (bestemt ental);Navneord
FISKENE;dyr som lever i vand og har gæller (bestemt flertal);Navneord
FISKER;fange fisk (nutid);Udsagnsord
FISKERI;Aktivitet hvor man fanger fisk;Fritid
FISKET;fange fisk (kort tillægsform);Udsagnsord
FJERNE;tage noget væk (navnemåde);Udsagnsord
FJERNEDE;tage noget væk (datid);Udsagnsord
FJERNER;tage noget væk (nutid);Udsagnsord
FJERNET;tage noget væk (kort tillægsform);Udsagnsord
FJORD;lang smal havarm (ubestemt ental);Navneord – Natur
FJORDE;lang smal havarm (ubestemt flertal);Navneord – Natur
FJORDEN;lang smal havarm (bestemt ental);Navneord – Natur
FJORDENE;lang smal havarm (bestemt flertal);Navneord – Natur
FLAGERMUS;Flyvende pattedyr;Dyr
FLASKE;beholder til væsker (ubestemt ental);Navneord – Hverdag
FLASKEN;beholder til væsker (bestemt ental);Navneord – Hverdag
FLASKER;beholder til væsker (ubestemt flertal);Navneord – Hverdag
FLASKERNE;beholder til væsker (bestemt flertal);Navneord – Hverdag
FLISE;tynd plade til gulve og vægge (ubestemt ental);Navneord – Håndværk
FLISEN;tynd plade til gulve og vægge (bestemt ental);Navneord – Håndværk
FLISER;tynd plade til gulve og vægge (ubestemt flertal);Navneord – Håndværk
FLISERNE;tynd plade til gulve og vægge (bestemt flertal);Navneord – Håndværk
FLITTIG;som arbejder ihærdigt (grundform);Tillægsord
FLITTIGE;som arbejder ihærdigt (bestemt form eller flertal);Tillægsord
FLITTIGERE;som arbejder ihærdigt (komparativ);Tillægsord
FLITTIGST;som arbejder ihærdigt (superlativ);Tillægsord
FLITTIGT;som arbejder ihærdigt (intetkøn);Tillægsord
FLOD;Stort naturligt vandløb;Natur
FLOD;stor naturlig vandstrøm (ubestemt ental);Navneord – Natur
FLOD;større strømmende vandløb (ubestemt ental);Navneord
FLODEN;stor naturlig vandstrøm (bestemt ental);Navneord – Natur
FLODEN;større strømmende vandløb (bestemt ental);Navneord
FLODER;stor naturlig vandstrøm (ubestemt flertal);Navneord – Natur
FLODER;større strømmende vandløb (ubestemt flertal);Navneord
FLODERNE;stor naturlig vandstrøm (bestemt flertal);Navneord – Natur
FLODERNE;større strømmende vandløb (bestemt flertal);Navneord
FLUE;Almindeligt flyvende insekt;Dyr
FLUE;insekt med to vinger (ubestemt ental);Navneord
FLUEN;insekt med to vinger (bestemt ental);Navneord
FLUER;insekt med to vinger (ubestemt flertal);Navneord
FLUERNE;insekt med to vinger (bestemt flertal);Navneord
FLY;Luftfartøj med vinger;Transport
FLY;luftfartøj med vinger (ubestemt ental);Navneord – Transport
FLY;luftfartøj med vinger (ubestemt flertal);Navneord – Transport
FLYDE;holde sig på væskeoverfladen (navnemåde);Udsagnsord
FLYDER;holde sig på væskeoverfladen (nutid);Udsagnsord
FLYDT;holde sig på væskeoverfladen (kort tillægsform);Udsagnsord
FLYENE;luftfartøj med vinger (bestemt flertal);Navneord – Transport
FLYET;luftfartøj med vinger (bestemt ental);Navneord – Transport
FLYTTE;ændre placering (navnemåde);Udsagnsord
FLYTTEDE;ændre placering (datid);Udsagnsord
FLYTTER;ændre placering (nutid);Udsagnsord
FLYTTET;ændre placering (førnutids tillægsform);Udsagnsord
FLYTTET;ændre placering (kort tillægsform);Udsagnsord
FLYVE;bevæge sig gennem luften (navnemåde);Udsagnsord
FLYVER;bevæge sig gennem luften (nutid);Udsagnsord
FLØD;holde sig på væskeoverfladen (datid);Udsagnsord
FLØDE;Mælkens fede del;Mad
FLØDE;fed del af mælk (ubestemt ental);Navneord – Mad
FLØDEN;fed del af mælk (bestemt ental);Navneord – Mad
FLØDER;fed del af mælk (ubestemt flertal);Navneord – Mad
FLØDERNE;fed del af mælk (bestemt flertal);Navneord – Mad
FLØJ;bevæge sig gennem luften (datid);Udsagnsord
FLØJET;bevæge sig gennem luften (førnutids tillægsform);Udsagnsord
FLØJET;bevæge sig gennem luften (kort tillægsform);Udsagnsord
FLØJTE;Blæseinstrument der giver lys lyd;Fritid
FOD;Kropsdel man står på;Menneske
FOD;kropsdel man står på (ubestemt ental);Navneord
FODBOLD;Boldspil hvor man typisk bruger fødderne;Fritid
FODEN;kropsdel man står på (bestemt ental);Navneord
FOLDE;lægge noget dobbelt (navnemåde);Udsagnsord
FOLDEDE;lægge noget dobbelt (datid);Udsagnsord
FOLDER;lægge noget dobbelt (nutid);Udsagnsord
FOLDET;lægge noget dobbelt (kort tillægsform);Udsagnsord
FOLK;Mennesker som gruppe;Tid og samfund
FOLKETING;Danmarks parlament (ubestemt ental);Navneord – Samfund
FOLKETING;Danmarks parlament (ubestemt flertal);Navneord – Samfund
FOLKETINGENE;Danmarks parlament (bestemt flertal);Navneord – Samfund
FOLKETINGET;Danmarks parlament (bestemt ental);Navneord – Samfund
FORAN;På forsiden af noget;Forholdsord
FORBANDT;skabe forbindelse (datid);Udsagnsord
FORBEREDE;gøre klar til noget (navnemåde);Udsagnsord
FORBEREDER;gøre klar til noget (nutid);Udsagnsord
FORBEREDT;gøre klar til noget (kort tillægsform);Udsagnsord
FORBEREDTE;gøre klar til noget (datid);Udsagnsord
FORBINDE;skabe forbindelse (navnemåde);Udsagnsord
FORBINDER;skabe forbindelse (nutid);Udsagnsord
FORBUNDET;skabe forbindelse (kort tillægsform);Udsagnsord
FORDI;Angiver årsagen til noget;Bindeord
FORFATTER;person der skriver bøger (ubestemt ental);Navneord – Medier
FORFATTERE;person der skriver bøger (ubestemt flertal);Navneord – Medier
FORFATTEREN;person der skriver bøger (bestemt ental);Navneord – Medier
FORFATTERNE;person der skriver bøger (bestemt flertal);Navneord – Medier
FORKERT;som ikke er korrekt (fælleskøn);Tillægsord
FORKERT;som ikke er korrekt (intetkøn);Tillægsord
FORKERTE;som ikke er korrekt (flertal eller bestemt form);Tillægsord
FORKLARE;gøre noget forståeligt (navnemåde);Udsagnsord
FORKLAREDE;gøre noget forståeligt (datid);Udsagnsord
FORKLARER;gøre noget forståeligt (nutid);Udsagnsord
FORKLARET;gøre noget forståeligt (kort tillægsform);Udsagnsord
FORM;nogets udseende eller omrids (ubestemt ental);Navneord
FORME;give noget en bestemt skikkelse (navnemåde);Udsagnsord
FORMEDE;give noget en bestemt skikkelse (datid);Udsagnsord
FORMEN;nogets udseende eller omrids (bestemt ental);Navneord
FORMER;give noget en bestemt skikkelse (nutid);Udsagnsord
FORMER;nogets udseende eller omrids (ubestemt flertal);Navneord
FORMERNE;nogets udseende eller omrids (bestemt flertal);Navneord
FORMET;give noget en bestemt skikkelse (kort tillægsform);Udsagnsord
FORMIDDAG;timerne før middag (ubestemt ental);Navneord – Tid
FORMIDDAGE;timerne før middag (ubestemt flertal);Navneord – Tid
FORMIDDAGEN;timerne før middag (bestemt ental);Navneord – Tid
FORMIDDAGENE;timerne før middag (bestemt flertal);Navneord – Tid
FORSTOD;opfatte meningen (datid);Udsagnsord
FORSTÅ;opfatte meningen (navnemåde);Udsagnsord
FORSTÅET;opfatte meningen (kort tillægsform);Udsagnsord
FORSTÅR;opfatte meningen (nutid);Udsagnsord
FORTALT;berette om noget (kort tillægsform);Udsagnsord
FORTALTE;berette om noget (datid);Udsagnsord
FORTOV;Gangareal langs en vej;Transport
FORTSAT;blive ved (kort tillægsform);Udsagnsord
FORTSATTE;blive ved (datid);Udsagnsord
FORTSÆTTE;blive ved (navnemåde);Udsagnsord
FORTSÆTTER;blive ved (nutid);Udsagnsord
FORTÆLLE;berette om noget (navnemåde);Udsagnsord
FORTÆLLER;berette om noget (nutid);Udsagnsord
FORÅR;Årstiden efter vinter;Natur
FORÅR;årstiden efter vinter (ubestemt ental);Navneord – Tid
FORÅR;årstiden efter vinter (ubestemt flertal);Navneord – Tid
FORÅRENE;årstiden efter vinter (bestemt flertal);Navneord – Tid
FORÅRET;årstiden efter vinter (bestemt ental);Navneord – Tid
FOTO;Billede taget med kamera;Fritid
FOTOGRAF;person der tager billeder (ubestemt ental);Navneord – Medier
FOTOGRAFEN;person der tager billeder (bestemt ental);Navneord – Medier
FOTOGRAFER;person der tager billeder (ubestemt flertal);Navneord – Medier
FOTOGRAFERNE;person der tager billeder (bestemt flertal);Navneord – Medier
FRA;Med udgangspunkt i et sted;Forholdsord
FRAVALGT;beslutte ikke at bruge (kort tillægsform);Udsagnsord
FRAVALGTE;beslutte ikke at bruge (datid);Udsagnsord
FRAVÆLGE;beslutte ikke at bruge (navnemåde);Udsagnsord
FRAVÆLGER;beslutte ikke at bruge (nutid);Udsagnsord
FREDAG;Ugedag før lørdag;Tid og samfund
FRIKADELLE;Stegt rund farsret;Mad
FRISK;ny eller fuld af energi (fælleskøn);Tillægsord
FRISK;ny eller fuld af energi (grundform);Tillægsord
FRISKE;ny eller fuld af energi (bestemt form eller flertal);Tillægsord
FRISKE;ny eller fuld af energi (flertal eller bestemt form);Tillægsord
FRISKERE;ny eller fuld af energi (komparativ);Tillægsord
FRISKEST;ny eller fuld af energi (superlativ);Tillægsord
FRISKT;ny eller fuld af energi (intetkøn);Tillægsord
FRIST;sidste tidspunkt for noget (ubestemt ental);Navneord – Arbejde
FRISTEN;sidste tidspunkt for noget (bestemt ental);Navneord – Arbejde
FRISTER;sidste tidspunkt for noget (ubestemt flertal);Navneord – Arbejde
FRISTERNE;sidste tidspunkt for noget (bestemt flertal);Navneord – Arbejde
FRIVILLIG;uden tvang (grundform);Tillægsord
FRIVILLIGE;uden tvang (bestemt form eller flertal);Tillægsord
FRIVILLIGT;uden tvang (intetkøn);Tillægsord
FROKOST;måltid omkring middag (ubestemt ental);Navneord – Mad
FROKOSTEN;måltid omkring middag (bestemt ental);Navneord – Mad
FROKOSTER;måltid omkring middag (ubestemt flertal);Navneord – Mad
FROKOSTERNE;måltid omkring middag (bestemt flertal);Navneord – Mad
FROSSET;blive meget kold (førnutids tillægsform);Udsagnsord
FROSSET;blive til is eller meget kold (kort tillægsform);Udsagnsord
FROST;Temperatur under frysepunktet;Natur
FRUGT;spiselig del af mange planter (ubestemt ental);Navneord
FRUGT;spiselig plantedel med frø (ubestemt ental);Navneord – Natur
FRUGTEN;spiselig del af mange planter (bestemt ental);Navneord
FRUGTEN;spiselig plantedel med frø (bestemt ental);Navneord – Natur
FRUGTER;spiselig del af mange planter (ubestemt flertal);Navneord
FRUGTER;spiselig plantedel med frø (ubestemt flertal);Navneord – Natur
FRUGTERNE;spiselig del af mange planter (bestemt flertal);Navneord
FRUGTERNE;spiselig plantedel med frø (bestemt flertal);Navneord – Natur
FRYGT;Følelse af at være bange;Menneske
FRYSE;blive meget kold (navnemåde);Udsagnsord
FRYSE;blive til is eller meget kold (navnemåde);Udsagnsord
FRYSER;Apparat der holder mad frossen;Hjem
FRYSER;apparat der fryser madvarer (ubestemt ental);Navneord – Hjem
FRYSER;blive meget kold (nutid);Udsagnsord
FRYSER;blive til is eller meget kold (nutid);Udsagnsord
FRYSERE;apparat der fryser madvarer (ubestemt flertal);Navneord – Hjem
FRYSEREN;apparat der fryser madvarer (bestemt ental);Navneord – Hjem
FRYSERNE;apparat der fryser madvarer (bestemt flertal);Navneord – Hjem
FRØ;Anlæg til en ny plante;Natur
FRØ;Padde der kan hoppe;Dyr
FRØ;plantens formeringsdel (ubestemt ental);Navneord – Natur
FRØ;plantens formeringsdel (ubestemt flertal);Navneord – Natur
FRØENE;plantens formeringsdel (bestemt flertal);Navneord – Natur
FRØET;plantens formeringsdel (bestemt ental);Navneord – Natur
FRØS;blive meget kold (datid);Udsagnsord
FRØS;blive til is eller meget kold (datid);Udsagnsord
FUGL;dyr med fjer og næb (ubestemt ental);Navneord
FUGLE;dyr med fjer og næb (ubestemt flertal);Navneord
FUGLEN;dyr med fjer og næb (bestemt ental);Navneord
FUGLENE;dyr med fjer og næb (bestemt flertal);Navneord
FULD;helt fyldt (grundform);Tillægsord
FULD;uden ledig plads (fælleskøn);Tillægsord
FULDE;helt fyldt (bestemt form eller flertal);Tillægsord
FULDE;uden ledig plads (flertal eller bestemt form);Tillægsord
FULDERE;helt fyldt (komparativ);Tillægsord
FULDERE;uden ledig plads (komparativ);Tillægsord
FULDEST;helt fyldt (superlativ);Tillægsord
FULDEST;uden ledig plads (superlativ);Tillægsord
FULDT;helt fyldt (intetkøn);Tillægsord
FULDT;uden ledig plads (intetkøn);Tillægsord
FUNDET;opdage hvor noget er (kort tillægsform);Udsagnsord
FUNDET;opdage noget man søger (førnutids tillægsform);Udsagnsord
FUNKTION;bestemt opgave eller beregning (ubestemt ental);Navneord – Teknologi
FUNKTIONEN;bestemt opgave eller beregning (bestemt ental);Navneord – Teknologi
FUNKTIONER;bestemt opgave eller beregning (ubestemt flertal);Navneord – Teknologi
FUNKTIONERNE;bestemt opgave eller beregning (bestemt flertal);Navneord – Teknologi
FYR;Nåletræ med lange nåle;Natur
FÅ;modtage noget (navnemåde);Udsagnsord
FÅET;modtage noget (førnutids tillægsform);Udsagnsord
FÅR;Uldgivende husdyr;Dyr
FÅR;husdyr med uld (ubestemt ental);Navneord
FÅR;husdyr med uld (ubestemt flertal);Navneord
FÅR;modtage noget (nutid);Udsagnsord
FÅRENE;husdyr med uld (bestemt flertal);Navneord
FÅRET;husdyr med uld (bestemt ental);Navneord
FÆDRE;mandlig forælder (ubestemt flertal);Navneord
FÆDRENE;mandlig forælder (bestemt flertal);Navneord
FÆLLES;som deles af flere (bestemt form eller flertal);Tillægsord
FÆLLES;som deles af flere (grundform);Tillægsord
FÆLLES;som deles af flere (intetkøn);Tillægsord
FÆRGE;Skib der transporterer passagerer og biler;Transport
FÆRGE;skib der transporterer passagerer eller biler (ubestemt ental);Navneord – Transport
FÆRGEN;skib der transporterer passagerer eller biler (bestemt ental);Navneord – Transport
FÆRGER;skib der transporterer passagerer eller biler (ubestemt flertal);Navneord – Transport
FÆRGERNE;skib der transporterer passagerer eller biler (bestemt flertal);Navneord – Transport
FØDDER;kropsdel man står på (ubestemt flertal);Navneord
FØDDERNE;kropsdel man står på (bestemt flertal);Navneord
FØLE;mærke med kroppen eller sindet (navnemåde);Udsagnsord
FØLE;opfatte en sansning (navnemåde);Udsagnsord
FØLER;mærke med kroppen eller sindet (nutid);Udsagnsord
FØLER;opfatte en sansning (nutid);Udsagnsord
FØLT;mærke med kroppen eller sindet (førnutids tillægsform);Udsagnsord
FØLT;opfatte en sansning (kort tillægsform);Udsagnsord
FØLTE;mærke med kroppen eller sindet (datid);Udsagnsord
FØLTE;opfatte en sansning (datid);Udsagnsord
FØR;På et tidligere tidspunkt;Biord
GADE;Vej mellem bygninger i en by;Transport
GADE;vej i en by (ubestemt ental);Navneord – Transport
GADEN;vej i en by (bestemt ental);Navneord – Transport
GADER;vej i en by (ubestemt flertal);Navneord – Transport
GADERNE;vej i en by (bestemt flertal);Navneord – Transport
GAFFEL;Spiseredskab med tænder;Hjem
GAFFEL;spiseredskab med tænder (ubestemt ental);Navneord
GAFLEN;spiseredskab med tænder (bestemt ental);Navneord
GAFLER;spiseredskab med tænder (ubestemt flertal);Navneord
GAFLERNE;spiseredskab med tænder (bestemt flertal);Navneord
GALAKSE;stor samling stjerner og gas (ubestemt ental);Navneord – Rummet
GALAKSEN;stor samling stjerner og gas (bestemt ental);Navneord – Rummet
GALAKSER;stor samling stjerner og gas (ubestemt flertal);Navneord – Rummet
GALAKSERNE;stor samling stjerner og gas (bestemt flertal);Navneord – Rummet
GAMLE;med mange år bag sig (bestemt form eller flertal);Tillægsord
GAMLE;som har eksisteret længe (flertal eller bestemt form);Tillægsord
GAMMEL;med mange år bag sig (grundform);Tillægsord
GAMMEL;som har eksisteret længe (fælleskøn);Tillægsord
GAMMELT;med mange år bag sig (intetkøn);Tillægsord
GAMMELT;som har eksisteret længe (intetkøn);Tillægsord
GANG;Passage mellem flere rum;Hjem
GANGE;multiplicere tal (navnemåde);Udsagnsord
GANGEDE;multiplicere tal (datid);Udsagnsord
GANGER;multiplicere tal (nutid);Udsagnsord
GANGET;multiplicere tal (kort tillægsform);Udsagnsord
GARAGE;Bygning eller rum til bilen;Hjem
GARDIN;Stof der hænger foran et vindue;Hjem
GAV;overdrage til en anden (datid);Udsagnsord
GED;Husdyr med horn og ofte skæg;Dyr
GED;drøvtygger med horn (ubestemt ental);Navneord
GEDDE;Lang rovfisk med mange tænder;Dyr
GEDEN;drøvtygger med horn (bestemt ental);Navneord
GEDER;drøvtygger med horn (ubestemt flertal);Navneord
GEDERNE;drøvtygger med horn (bestemt flertal);Navneord
GEMME;lægge noget til senere brug (navnemåde);Udsagnsord
GEMME;lægge noget til side (navnemåde);Udsagnsord
GEMMER;lægge noget til senere brug (nutid);Udsagnsord
GEMMER;lægge noget til side (nutid);Udsagnsord
GEMT;lægge noget til senere brug (kort tillægsform);Udsagnsord
GEMT;lægge noget til side (førnutids tillægsform);Udsagnsord
GEMTE;lægge noget til senere brug (datid);Udsagnsord
GEMTE;lægge noget til side (datid);Udsagnsord
GENNEM;Fra den ene side til den anden;Forholdsord
GIK;bevæge sig til fods (datid);Udsagnsord
GIVE;overdrage til en anden (navnemåde);Udsagnsord
GIVER;overdrage til en anden (nutid);Udsagnsord
GIVET;overdrage til en anden (førnutids tillægsform);Udsagnsord
GLAD;som føler glæde (fælleskøn);Tillægsord
GLAD;som føler glæde (grundform);Tillægsord
GLAD;som føler glæde (intetkøn);Tillægsord
GLADE;som føler glæde (bestemt form eller flertal);Tillægsord
GLADE;som føler glæde (flertal eller bestemt form);Tillægsord
GLADERE;som føler glæde (komparativ);Tillægsord
GLADEST;som føler glæde (superlativ);Tillægsord
GLAS;Gennemsigtig drikkebeholder;Hjem
GLAS;beholder til at drikke af (ubestemt ental);Navneord – Hverdag
GLAS;beholder til at drikke af (ubestemt flertal);Navneord – Hverdag
GLAS;drikkebeholder ofte af glas (ubestemt ental);Navneord
GLAS;drikkebeholder ofte af glas (ubestemt flertal);Navneord
GLASSENE;beholder til at drikke af (bestemt flertal);Navneord – Hverdag
GLASSENE;drikkebeholder ofte af glas (bestemt flertal);Navneord
GLASSET;beholder til at drikke af (bestemt ental);Navneord – Hverdag
GLASSET;drikkebeholder ofte af glas (bestemt ental);Navneord
GLEMME;ikke længere kunne huske (navnemåde);Udsagnsord
GLEMME;miste noget fra hukommelsen (navnemåde);Udsagnsord
GLEMMER;ikke længere kunne huske (nutid);Udsagnsord
GLEMMER;miste noget fra hukommelsen (nutid);Udsagnsord
GLEMT;ikke længere kunne huske (kort tillægsform);Udsagnsord
GLEMT;miste noget fra hukommelsen (førnutids tillægsform);Udsagnsord
GLEMTE;ikke længere kunne huske (datid);Udsagnsord
GLEMTE;miste noget fra hukommelsen (datid);Udsagnsord
GLOBAL;som omfatter hele verden (grundform);Tillægsord
GLOBALE;som omfatter hele verden (bestemt form eller flertal);Tillægsord
GLOBALT;som omfatter hele verden (intetkøn);Tillægsord
GLÆDE;Følelse af lykke;Menneske
GLÆDE;gøre nogen glad (navnemåde);Udsagnsord
GLÆDEDE;gøre nogen glad (datid);Udsagnsord
GLÆDER;gøre nogen glad (nutid);Udsagnsord
GLÆDET;gøre nogen glad (kort tillægsform);Udsagnsord
GOD;af høj kvalitet (grundform);Tillægsord
GOD;af høj kvalitet eller værdi (fælleskøn);Tillægsord
GODE;af høj kvalitet (bestemt form eller flertal);Tillægsord
GODE;af høj kvalitet eller værdi (flertal eller bestemt form);Tillægsord
GODT;af høj kvalitet (intetkøn);Tillægsord
GODT;af høj kvalitet eller værdi (intetkøn);Tillægsord
GOLF;Sport hvor en bold slås i hul;Fritid
GRAN;Nåletræ med kogler;Natur
GREB;fange med hænderne (datid);Udsagnsord
GREB;fange noget med hænderne (datid);Udsagnsord
GREBET;fange med hænderne (kort tillægsform);Udsagnsord
GREBET;fange noget med hænderne (førnutids tillægsform);Udsagnsord
GREN;Del der vokser ud fra en træstamme;Natur
GREN;del der vokser ud fra træstamme (ubestemt ental);Navneord – Natur
GREN;udløber fra træets stamme (ubestemt ental);Navneord
GRENE;del der vokser ud fra træstamme (ubestemt flertal);Navneord – Natur
GRENE;udløber fra træets stamme (ubestemt flertal);Navneord
GRENEN;del der vokser ud fra træstamme (bestemt ental);Navneord – Natur
GRENEN;udløber fra træets stamme (bestemt ental);Navneord
GRENENE;del der vokser ud fra træstamme (bestemt flertal);Navneord – Natur
GRENENE;udløber fra træets stamme (bestemt flertal);Navneord
GRIBE;fange med hænderne (navnemåde);Udsagnsord
GRIBE;fange noget med hænderne (navnemåde);Udsagnsord
GRIBER;fange med hænderne (nutid);Udsagnsord
GRIBER;fange noget med hænderne (nutid);Udsagnsord
GRILL;Redskab til madlavning over varme;Fritid
GRIM;med utiltalende udseende (fælleskøn);Tillægsord
GRIMME;med utiltalende udseende (flertal eller bestemt form);Tillægsord
GRIMMERE;med utiltalende udseende (komparativ);Tillægsord
GRIMMEST;med utiltalende udseende (superlativ);Tillægsord
GRIMT;med utiltalende udseende (intetkøn);Tillægsord
GRIN;Lyd og udtryk ved morskab;Menneske
GRINE;le højt (navnemåde);Udsagnsord
GRINE;vise glæde med latter (navnemåde);Udsagnsord
GRINEDE;le højt (datid);Udsagnsord
GRINEDE;vise glæde med latter (datid);Udsagnsord
GRINER;le højt (nutid);Udsagnsord
GRINER;vise glæde med latter (nutid);Udsagnsord
GRINET;le højt (kort tillægsform);Udsagnsord
GRINET;vise glæde med latter (førnutids tillægsform);Udsagnsord
GRIS;Husdyr med tryne;Dyr
GRYDE;Dybt kogekar med håndtag;Hjem
GRYDE;beholder til madlavning (ubestemt ental);Navneord
GRYDE;køkkenbeholder til kogning (ubestemt ental);Navneord – Hverdag
GRYDEN;beholder til madlavning (bestemt ental);Navneord
GRYDEN;køkkenbeholder til kogning (bestemt ental);Navneord – Hverdag
GRYDER;beholder til madlavning (ubestemt flertal);Navneord
GRYDER;køkkenbeholder til kogning (ubestemt flertal);Navneord – Hverdag
GRYDERET;Ret tilberedt i én gryde;Mad
GRYDERNE;beholder til madlavning (bestemt flertal);Navneord
GRYDERNE;køkkenbeholder til kogning (bestemt flertal);Navneord – Hverdag
GRÅ;med farve mellem sort og hvid (bestemt form eller flertal);Tillægsord
GRÅERE;med farve mellem sort og hvid (komparativ);Tillægsord
GRÅEST;med farve mellem sort og hvid (superlativ);Tillægsord
GRÅT;med farve mellem sort og hvid (intetkøn);Tillægsord
GRÆD;fælde tårer (datid);Udsagnsord
GRÆDE;fælde tårer (navnemåde);Udsagnsord
GRÆDER;fælde tårer (nutid);Udsagnsord
GRÆDT;fælde tårer (førnutids tillægsform);Udsagnsord
GRÆDT;fælde tårer (kort tillægsform);Udsagnsord
GRÆNSEN;skel mellem områder (bestemt ental);Navneord – Samfund
GRÆNSER;skel mellem områder (ubestemt flertal);Navneord – Samfund
GRÆNSERNE;skel mellem områder (bestemt flertal);Navneord – Samfund
GRÆS;Smalle grønne blade på en eng;Natur
GRÆS;smalbladet plante på plæner (ubestemt ental);Navneord – Natur
GRÆSKAR;Stor rund frugt med orange kød;Mad
GRÆSSER;smalbladet plante på plæner (ubestemt flertal);Navneord – Natur
GRÆSSERNE;smalbladet plante på plæner (bestemt flertal);Navneord – Natur
GRÆSSET;smalbladet plante på plæner (bestemt ental);Navneord – Natur
GRÆVLING;sort og hvidt stribet gravende dyr (ubestemt ental);Navneord – Dyr
GRÆVLINGEN;sort og hvidt stribet gravende dyr (bestemt ental);Navneord – Dyr
GRÆVLINGER;sort og hvidt stribet gravende dyr (ubestemt flertal);Navneord – Dyr
GRÆVLINGERNE;sort og hvidt stribet gravende dyr (bestemt flertal);Navneord – Dyr
GRØN;med farve som græs (grundform);Tillægsord
GRØNNE;med farve som græs (bestemt form eller flertal);Tillægsord
GRØNNERE;med farve som græs (komparativ);Tillægsord
GRØNNEST;med farve som græs (superlativ);Tillægsord
GRØNT;med farve som græs (intetkøn);Tillægsord
GUITAR;Strengeinstrument med gribebræt;Fritid
GUL;med farve som citron (grundform);Tillægsord
GULE;med farve som citron (bestemt form eller flertal);Tillægsord
GULERE;med farve som citron (komparativ);Tillægsord
GULEROD;Orange rodfrugt;Mad
GULEROD;orange rodfrugt (ubestemt ental);Navneord
GULERODEN;orange rodfrugt (bestemt ental);Navneord
GULERØDDER;orange rodfrugt (ubestemt flertal);Navneord
GULERØDDERNE;orange rodfrugt (bestemt flertal);Navneord
GULEST;med farve som citron (superlativ);Tillægsord
GULT;med farve som citron (intetkøn);Tillægsord
GULV;Flade man går på indendørs;Hjem
GULV;flade man går på indendørs (ubestemt ental);Navneord – Hjem
GULV;underlag i et rum (ubestemt ental);Navneord
GULVE;flade man går på indendørs (ubestemt flertal);Navneord – Hjem
GULVE;underlag i et rum (ubestemt flertal);Navneord
GULVENE;flade man går på indendørs (bestemt flertal);Navneord – Hjem
GULVENE;underlag i et rum (bestemt flertal);Navneord
GULVET;flade man går på indendørs (bestemt ental);Navneord – Hjem
GULVET;underlag i et rum (bestemt ental);Navneord
GÅ;bevæge sig til fods (navnemåde);Udsagnsord
GÅDE;Spørgsmål med skjult løsning;Fritid
GÅET;bevæge sig til fods (førnutids tillægsform);Udsagnsord
GÅET;bevæge sig til fods (kort tillægsform);Udsagnsord
GÅR;bevæge sig til fods (nutid);Udsagnsord
GÅS;Stor vandfugl med lang hals;Dyr
GÅS;stor svømmefugl (ubestemt ental);Navneord – Dyr
GÅS;stor vandfugl med lang hals (ubestemt ental);Navneord
GÅSEN;stor svømmefugl (bestemt ental);Navneord – Dyr
GÅSEN;stor vandfugl med lang hals (bestemt ental);Navneord
GÅTUR;Tur man tager til fods;Fritid
GÆR;Mikroorganisme der hæver dej;Mad
GÆS;stor svømmefugl (ubestemt flertal);Navneord – Dyr
GÆS;stor vandfugl med lang hals (ubestemt flertal);Navneord
GÆSSENE;stor svømmefugl (bestemt flertal);Navneord – Dyr
GÆSSENE;stor vandfugl med lang hals (bestemt flertal);Navneord
HAGE;Nederste fremspring i ansigtet;Menneske
HAGL;Små isklumper fra skyerne;Natur
HAJ;Rovfisk med bruskskelet;Dyr
HAJ;rovfisk med bruskskelet (ubestemt ental);Navneord – Dyr
HAJEN;rovfisk med bruskskelet (bestemt ental);Navneord – Dyr
HAJER;rovfisk med bruskskelet (ubestemt flertal);Navneord – Dyr
HAJERNE;rovfisk med bruskskelet (bestemt flertal);Navneord – Dyr
HAKKE;dele i små stykker (navnemåde);Udsagnsord
HAKKE;skære i små stykker (navnemåde);Udsagnsord
HAKKEDE;dele i små stykker (datid);Udsagnsord
HAKKEDE;skære i små stykker (datid);Udsagnsord
HAKKER;dele i små stykker (nutid);Udsagnsord
HAKKER;skære i små stykker (nutid);Udsagnsord
HAKKET;dele i små stykker (førnutids tillægsform);Udsagnsord
HAKKET;skære i små stykker (kort tillægsform);Udsagnsord
HALS;Forbindelsen mellem hoved og krop;Menneske
HALS;forbindelse mellem hoved og krop (ubestemt ental);Navneord – Krop
HALSE;forbindelse mellem hoved og krop (ubestemt flertal);Navneord – Krop
HALSEN;forbindelse mellem hoved og krop (bestemt ental);Navneord – Krop
HALSENE;forbindelse mellem hoved og krop (bestemt flertal);Navneord – Krop
HALV;som udgør en af to lige store dele (grundform);Tillægsord
HALVE;som udgør en af to lige store dele (bestemt form eller flertal);Tillægsord
HALVT;som udgør en af to lige store dele (intetkøn);Tillægsord
HALVØ;land næsten omgivet af vand (ubestemt ental);Navneord – Natur
HALVØEN;land næsten omgivet af vand (bestemt ental);Navneord – Natur
HALVØER;land næsten omgivet af vand (ubestemt flertal);Navneord – Natur
HALVØERNE;land næsten omgivet af vand (bestemt flertal);Navneord – Natur
HAMMER;redskab til at slå søm i (ubestemt ental);Navneord – Håndværk
HAMMEREN;redskab til at slå søm i (bestemt ental);Navneord – Håndværk
HAMRE;redskab til at slå søm i (ubestemt flertal);Navneord – Håndværk
HAMRE;slå med en hammer (navnemåde);Udsagnsord
HAMREDE;slå med en hammer (datid);Udsagnsord
HAMRENE;redskab til at slå søm i (bestemt flertal);Navneord – Håndværk
HAMRER;slå med en hammer (nutid);Udsagnsord
HAMRET;slå med en hammer (kort tillægsform);Udsagnsord
HANE;Han af tamhøns;Dyr
HARE;Hurtigt pattedyr med lange ører;Dyr
HARE;hurtigt dyr med lange ører (ubestemt ental);Navneord – Dyr
HARE;langøret dyr der kan løbe hurtigt (ubestemt ental);Navneord
HAREN;hurtigt dyr med lange ører (bestemt ental);Navneord – Dyr
HAREN;langøret dyr der kan løbe hurtigt (bestemt ental);Navneord
HARER;hurtigt dyr med lange ører (ubestemt flertal);Navneord – Dyr
HARER;langøret dyr der kan løbe hurtigt (ubestemt flertal);Navneord
HARERNE;hurtigt dyr med lange ører (bestemt flertal);Navneord – Dyr
HARERNE;langøret dyr der kan løbe hurtigt (bestemt flertal);Navneord
HASSELNØD;lille rund nød fra hassel (ubestemt ental);Navneord – Mad
HASSELNØDDEN;lille rund nød fra hassel (bestemt ental);Navneord – Mad
HASSELNØDDER;lille rund nød fra hassel (ubestemt flertal);Navneord – Mad
HASSELNØDDERNE;lille rund nød fra hassel (bestemt flertal);Navneord – Mad
HAV;Stort sammenhængende saltvandsområde;Natur
HAVE;Udendørs område med planter ved et hus;Hjem
HAVN;Sted hvor skibe kan lægge til;Transport
HEDE;åbent landskab med lyng (ubestemt ental);Navneord – Natur
HEDEN;åbent landskab med lyng (bestemt ental);Navneord – Natur
HEDER;åbent landskab med lyng (ubestemt flertal);Navneord – Natur
HEDERNE;åbent landskab med lyng (bestemt flertal);Navneord – Natur
HEGN;Afgrænsning omkring en grund;Hjem
HEJRE;Langbenet fugl der fisker;Dyr
HELIKOPTER;Luftfartøj med roterende rotor;Transport
HELIKOPTER;luftfartøj med rotor (ubestemt ental);Navneord – Transport
HELIKOPTERE;luftfartøj med rotor (ubestemt flertal);Navneord – Transport
HELIKOPTEREN;luftfartøj med rotor (bestemt ental);Navneord – Transport
HELIKOPTERNE;luftfartøj med rotor (bestemt flertal);Navneord – Transport
HELT;Fuldstændigt;Biord
HENTE;bringe noget fra et andet sted (navnemåde);Udsagnsord
HENTE;tage noget med fra et sted (navnemåde);Udsagnsord
HENTEDE;bringe noget fra et andet sted (datid);Udsagnsord
HENTEDE;tage noget med fra et sted (datid);Udsagnsord
HENTER;bringe noget fra et andet sted (nutid);Udsagnsord
HENTER;tage noget med fra et sted (nutid);Udsagnsord
HENTET;bringe noget fra et andet sted (kort tillægsform);Udsagnsord
HENTET;tage noget med fra et sted (førnutids tillægsform);Udsagnsord
HEST;Stort hovdyr der kan rides;Dyr
HEST;stort hovdyr der kan rides (ubestemt ental);Navneord
HESTE;stort hovdyr der kan rides (ubestemt flertal);Navneord
HESTEN;stort hovdyr der kan rides (bestemt ental);Navneord
HESTENE;stort hovdyr der kan rides (bestemt flertal);Navneord
HILSE;sige goddag (navnemåde);Udsagnsord
HILSER;sige goddag (nutid);Udsagnsord
HILST;sige goddag (kort tillægsform);Udsagnsord
HILSTE;sige goddag (datid);Udsagnsord
HINDBÆR;Blødt rødt bær med hul kerne;Mad
HINDBÆR;blødt rødt sammensat bær (ubestemt ental);Navneord – Mad
HINDBÆR;blødt rødt sammensat bær (ubestemt flertal);Navneord – Mad
HINDBÆRRENE;blødt rødt sammensat bær (bestemt flertal);Navneord – Mad
HINDBÆRRET;blødt rødt sammensat bær (bestemt ental);Navneord – Mad
HISTORIE;Fortælling om hændelser;Fritid
HJALP;yde bistand (datid);Udsagnsord
HJEMMESIDE;Side der kan åbnes i en browser;IT
HJERNE;Organ der styrer nervesystemet;Menneske
HJERNE;organ der styrer nervesystemet (ubestemt ental);Navneord
HJERNEN;organ der styrer nervesystemet (bestemt ental);Navneord
HJERNER;organ der styrer nervesystemet (ubestemt flertal);Navneord
HJERNERNE;organ der styrer nervesystemet (bestemt flertal);Navneord
HJERTE;Muskel der pumper blod rundt;Menneske
HJERTE;organ der pumper blod (ubestemt ental);Navneord
HJERTER;organ der pumper blod (ubestemt flertal);Navneord
HJERTERNE;organ der pumper blod (bestemt flertal);Navneord
HJERTET;organ der pumper blod (bestemt ental);Navneord
HJORT;Hovdyr hvor hannen ofte har gevir;Dyr
HJORT;hovdyr med gevir (ubestemt ental);Navneord – Dyr
HJORTE;hovdyr med gevir (ubestemt flertal);Navneord – Dyr
HJORTEN;hovdyr med gevir (bestemt ental);Navneord – Dyr
HJORTENE;hovdyr med gevir (bestemt flertal);Navneord – Dyr
HJUL;Rund del der ruller på en aksel;Transport
HJUL;rund del der ruller (ubestemt ental);Navneord – Transport
HJUL;rund del der ruller (ubestemt flertal);Navneord – Transport
HJULENE;rund del der ruller (bestemt flertal);Navneord – Transport
HJULET;rund del der ruller (bestemt ental);Navneord – Transport
HJULPET;yde bistand (kort tillægsform);Udsagnsord
HJÆLPE;yde bistand (navnemåde);Udsagnsord
HJÆLPER;yde bistand (nutid);Udsagnsord
HOFTE;Led hvor benet møder bækkenet;Menneske
HOLD;gruppe der samarbejder (ubestemt ental);Navneord – Sport
HOLD;gruppe der samarbejder (ubestemt flertal);Navneord – Sport
HOLDE;have fat i eller fastholde noget (navnemåde);Udsagnsord
HOLDENE;gruppe der samarbejder (bestemt flertal);Navneord – Sport
HOLDER;have fat i eller fastholde noget (nutid);Udsagnsord
HOLDET;gruppe der samarbejder (bestemt ental);Navneord – Sport
HOLDT;have fat i eller fastholde noget (datid);Udsagnsord
HOLDT;have fat i eller fastholde noget (førnutids tillægsform);Udsagnsord
HONNING;Sød masse fremstillet af bier;Mad
HONNING;sød masse fremstillet af bier (ubestemt ental);Navneord – Mad
HONNINGEN;sød masse fremstillet af bier (bestemt ental);Navneord – Mad
HONNINGER;sød masse fremstillet af bier (ubestemt flertal);Navneord – Mad
HONNINGERNE;sød masse fremstillet af bier (bestemt flertal);Navneord – Mad
HOPPE;springe op fra underlaget (navnemåde);Udsagnsord
HOPPEDE;springe op fra underlaget (datid);Udsagnsord
HOPPER;springe op fra underlaget (nutid);Udsagnsord
HOPPET;springe op fra underlaget (førnutids tillægsform);Udsagnsord
HOPPET;springe op fra underlaget (kort tillægsform);Udsagnsord
HOS;På en persons sted;Forholdsord
HOTEL;sted der udlejer værelser (ubestemt ental);Navneord – Transport
HOTELLER;sted der udlejer værelser (ubestemt flertal);Navneord – Transport
HOTELLERNE;sted der udlejer værelser (bestemt flertal);Navneord – Transport
HOTELLET;sted der udlejer værelser (bestemt ental);Navneord – Transport
HOVED;Øverste del af kroppen;Menneske
HOVEDSTAD;by hvor et lands regering har sæde (ubestemt ental);Navneord – Geografi
HOVEDSTADEN;by hvor et lands regering har sæde (bestemt ental);Navneord – Geografi
HOVEDSTÆDER;by hvor et lands regering har sæde (ubestemt flertal);Navneord – Geografi
HOVEDSTÆDERNE;by hvor et lands regering har sæde (bestemt flertal);Navneord – Geografi
HUD;Kroppens yderste beskyttende lag;Menneske
HUD;kroppens yderste organ (ubestemt ental);Navneord – Krop
HUDEN;kroppens yderste organ (bestemt ental);Navneord – Krop
HUDER;kroppens yderste organ (ubestemt flertal);Navneord – Krop
HUDERNE;kroppens yderste organ (bestemt flertal);Navneord – Krop
HUKOMMELSE;Lager til data der bruges af et system;IT
HUKOMMELSE;evne eller lager til at huske (ubestemt ental);Navneord – Teknologi
HUKOMMELSEN;evne eller lager til at huske (bestemt ental);Navneord – Teknologi
HUKOMMELSER;evne eller lager til at huske (ubestemt flertal);Navneord – Teknologi
HUKOMMELSERNE;evne eller lager til at huske (bestemt flertal);Navneord – Teknologi
HUMMER;Stort krebsdyr med klosakse;Dyr
HUND;Husdyr der ofte gør;Dyr
HUND;husdyr der ofte gør (ubestemt ental);Navneord
HUNDE;husdyr der ofte gør (ubestemt flertal);Navneord
HUNDEN;husdyr der ofte gør (bestemt ental);Navneord
HUNDENE;husdyr der ofte gør (bestemt flertal);Navneord
HURTIG;med høj fart (grundform);Tillægsord
HURTIG;som bevæger sig med høj fart (fælleskøn);Tillægsord
HURTIGE;med høj fart (bestemt form eller flertal);Tillægsord
HURTIGE;som bevæger sig med høj fart (flertal eller bestemt form);Tillægsord
HURTIGERE;med høj fart (komparativ);Tillægsord
HURTIGERE;som bevæger sig med høj fart (komparativ);Tillægsord
HURTIGST;med høj fart (superlativ);Tillægsord
HURTIGST;som bevæger sig med høj fart (superlativ);Tillægsord
HURTIGT;Med stor fart;Biord
HURTIGT;med høj fart (intetkøn);Tillægsord
HURTIGT;som bevæger sig med høj fart (intetkøn);Tillægsord
HUS;Bygning man kan bo i;Hjem
HUS;bygning til beboelse (ubestemt ental);Navneord
HUSE;bygning til beboelse (ubestemt flertal);Navneord
HUSENE;bygning til beboelse (bestemt flertal);Navneord
HUSET;bygning til beboelse (bestemt ental);Navneord
HUSKE;bevare i hukommelsen (navnemåde);Udsagnsord
HUSKE;bevare noget i hukommelsen (navnemåde);Udsagnsord
HUSKEDE;bevare i hukommelsen (datid);Udsagnsord
HUSKEDE;bevare noget i hukommelsen (datid);Udsagnsord
HUSKER;bevare i hukommelsen (nutid);Udsagnsord
HUSKER;bevare noget i hukommelsen (nutid);Udsagnsord
HUSKET;bevare i hukommelsen (kort tillægsform);Udsagnsord
HUSKET;bevare noget i hukommelsen (førnutids tillægsform);Udsagnsord
HVAL;Meget stort havpattedyr;Dyr
HVAL;stort havpattedyr (ubestemt ental);Navneord – Dyr
HVALEN;stort havpattedyr (bestemt ental);Navneord – Dyr
HVALER;stort havpattedyr (ubestemt flertal);Navneord – Dyr
HVALERNE;stort havpattedyr (bestemt flertal);Navneord – Dyr
HVEPS;Gulsort insekt med brod;Dyr
HVID;med farve som sne (grundform);Tillægsord
HVIDE;med farve som sne (bestemt form eller flertal);Tillægsord
HVIDERE;med farve som sne (komparativ);Tillægsord
HVIDEST;med farve som sne (superlativ);Tillægsord
HVIDLØG;Stærkt duftende løgplante;Mad
HVIDT;med farve som sne (intetkøn);Tillægsord
HYLDE;Vandret plade til opbevaring;Hjem
HYLDE;vandret plade til opbevaring (ubestemt ental);Navneord
HYLDEN;vandret plade til opbevaring (bestemt ental);Navneord
HYLDER;vandret plade til opbevaring (ubestemt flertal);Navneord
HYLDERNE;vandret plade til opbevaring (bestemt flertal);Navneord
HÅBE;ønske at noget sker (navnemåde);Udsagnsord
HÅBEDE;ønske at noget sker (datid);Udsagnsord
HÅBER;ønske at noget sker (nutid);Udsagnsord
HÅBET;ønske at noget sker (førnutids tillægsform);Udsagnsord
HÅBET;ønske at noget sker (kort tillægsform);Udsagnsord
HÅND;Kropsdel med fingre;Menneske
HÅND;kropsdel for enden af armen (ubestemt ental);Navneord
HÅNDBOLD;Boldspil hvor bolden kastes i mål;Fritid
HÅNDEN;kropsdel for enden af armen (bestemt ental);Navneord
HÅNDKLÆDE;Stykke stof til at tørre sig med;Hjem
HÅNDKLÆDE;stof til at tørre sig med (ubestemt ental);Navneord – Hjem
HÅNDKLÆDER;stof til at tørre sig med (ubestemt flertal);Navneord – Hjem
HÅNDKLÆDERNE;stof til at tørre sig med (bestemt flertal);Navneord – Hjem
HÅNDKLÆDET;stof til at tørre sig med (bestemt ental);Navneord – Hjem
HÅNDLED;led mellem hånd og arm (ubestemt ental);Navneord – Krop
HÅNDLED;led mellem hånd og arm (ubestemt flertal);Navneord – Krop
HÅNDLEDDENE;led mellem hånd og arm (bestemt flertal);Navneord – Krop
HÅNDLEDDET;led mellem hånd og arm (bestemt ental);Navneord – Krop
HÅR;Tråde der vokser på hovedet;Menneske
HÅR;tråde der vokser på huden (ubestemt ental);Navneord – Krop
HÅR;tråde der vokser på huden (ubestemt flertal);Navneord – Krop
HÅRD;fast og svær at bøje (fælleskøn);Tillægsord
HÅRD;ikke let at bøje (grundform);Tillægsord
HÅRDE;fast og svær at bøje (flertal eller bestemt form);Tillægsord
HÅRDE;ikke let at bøje (bestemt form eller flertal);Tillægsord
HÅRDERE;fast og svær at bøje (komparativ);Tillægsord
HÅRDERE;ikke let at bøje (komparativ);Tillægsord
HÅRDEST;fast og svær at bøje (superlativ);Tillægsord
HÅRDEST;ikke let at bøje (superlativ);Tillægsord
HÅRDT;fast og svær at bøje (intetkøn);Tillægsord
HÅRDT;ikke let at bøje (intetkøn);Tillægsord
HÅRENE;tråde der vokser på huden (bestemt flertal);Navneord – Krop
HÅRET;tråde der vokser på huden (bestemt ental);Navneord – Krop
HÆKLING;Håndarbejde med garn og hæklenål;Fritid
HÆL;bageste del af foden (ubestemt ental);Navneord – Krop
HÆLE;bageste del af foden (ubestemt flertal);Navneord – Krop
HÆLEN;bageste del af foden (bestemt ental);Navneord – Krop
HÆLENE;bageste del af foden (bestemt flertal);Navneord – Krop
HÆNDER;kropsdel for enden af armen (ubestemt flertal);Navneord
HÆNDERNE;kropsdel for enden af armen (bestemt flertal);Navneord
HØFLIG;som viser god opførsel (fælleskøn);Tillægsord
HØFLIG;som viser god opførsel (grundform);Tillægsord
HØFLIGE;som viser god opførsel (bestemt form eller flertal);Tillægsord
HØFLIGE;som viser god opførsel (flertal eller bestemt form);Tillægsord
HØFLIGERE;som viser god opførsel (komparativ);Tillægsord
HØFLIGST;som viser god opførsel (superlativ);Tillægsord
HØFLIGT;som viser god opførsel (intetkøn);Tillægsord
HØJ;med stor afstand til jorden (grundform);Tillægsord
HØJ;med stor højde (fælleskøn);Tillægsord
HØJE;med stor afstand til jorden (bestemt form eller flertal);Tillægsord
HØJE;med stor højde (flertal eller bestemt form);Tillægsord
HØJERE;med stor afstand til jorden (komparativ);Tillægsord
HØJERE;med stor højde (komparativ);Tillægsord
HØJEST;med stor afstand til jorden (superlativ);Tillægsord
HØJEST;med stor højde (superlativ);Tillægsord
HØJT;med stor afstand til jorden (intetkøn);Tillægsord
HØJT;med stor højde (intetkøn);Tillægsord
HØJTTALER;udstyr der gengiver lyd (ubestemt ental);Navneord – Medier
HØJTTALERE;udstyr der gengiver lyd (ubestemt flertal);Navneord – Medier
HØJTTALEREN;udstyr der gengiver lyd (bestemt ental);Navneord – Medier
HØJTTALERNE;udstyr der gengiver lyd (bestemt flertal);Navneord – Medier
HØNE;Hun af tamhøns;Dyr
HØRE;opfatte lyd (navnemåde);Udsagnsord
HØRE;opfatte lyde (navnemåde);Udsagnsord
HØRER;opfatte lyd (nutid);Udsagnsord
HØRER;opfatte lyde (nutid);Udsagnsord
HØRT;opfatte lyd (kort tillægsform);Udsagnsord
HØRT;opfatte lyde (førnutids tillægsform);Udsagnsord
HØRTE;opfatte lyd (datid);Udsagnsord
HØRTE;opfatte lyde (datid);Udsagnsord
HØSTE;indsamle moden afgrøde (navnemåde);Udsagnsord
HØSTE;samle modne afgrøder (navnemåde);Udsagnsord
HØSTEDE;indsamle moden afgrøde (datid);Udsagnsord
HØSTEDE;samle modne afgrøder (datid);Udsagnsord
HØSTER;indsamle moden afgrøde (nutid);Udsagnsord
HØSTER;samle modne afgrøder (nutid);Udsagnsord
HØSTET;indsamle moden afgrøde (kort tillægsform);Udsagnsord
HØSTET;samle modne afgrøder (førnutids tillægsform);Udsagnsord
IKON;Lille billede der repræsenterer en funktion;IT
INDSAT;placere noget indeni (kort tillægsform);Udsagnsord
INDSATTE;placere noget indeni (datid);Udsagnsord
INDSÆTTE;placere noget indeni (navnemåde);Udsagnsord
INDSÆTTER;placere noget indeni (nutid);Udsagnsord
INSTALLERE;gøre software klar til brug (navnemåde);Udsagnsord
INSTALLERE;lægge software ind på en enhed (navnemåde);Udsagnsord
INSTALLEREDE;gøre software klar til brug (datid);Udsagnsord
INSTALLEREDE;lægge software ind på en enhed (datid);Udsagnsord
INSTALLERER;gøre software klar til brug (nutid);Udsagnsord
INSTALLERER;lægge software ind på en enhed (nutid);Udsagnsord
INSTALLERET;gøre software klar til brug (kort tillægsform);Udsagnsord
INSTALLERET;lægge software ind på en enhed (førnutids tillægsform);Udsagnsord
INTERESSANT;som vækker interesse (grundform);Tillægsord
INTERESSANT;som vækker interesse (intetkøn);Tillægsord
INTERESSANTE;som vækker interesse (bestemt form eller flertal);Tillægsord
INTERNET;Verdensomspændende netværk af netværk;IT
IRRITERE;gøre nogen utålmodig (navnemåde);Udsagnsord
IRRITEREDE;gøre nogen utålmodig (datid);Udsagnsord
IRRITERER;gøre nogen utålmodig (nutid);Udsagnsord
IRRITERET;gøre nogen utålmodig (kort tillægsform);Udsagnsord
IS;Frossent vand;Natur
IS;frossen dessert eller vand (ubestemt ental);Navneord – Mad
IS;frossen dessert eller vand (ubestemt flertal);Navneord – Mad
ISEN;frossen dessert eller vand (bestemt ental);Navneord – Mad
ISENE;frossen dessert eller vand (bestemt flertal);Navneord – Mad
ISVAFFEL;Spiselig vaffel med is;Mad
ISÆR;I særlig grad;Biord
JA;Bekræftende svar;Småord
JAGE;forfølge et bytte (navnemåde);Udsagnsord
JAGEDE;forfølge et bytte (datid);Udsagnsord
JAGER;forfølge et bytte (nutid);Udsagnsord
JAGET;forfølge et bytte (kort tillægsform);Udsagnsord
JANUAR;Årets første måned;Tid og samfund
JOB;lønnet beskæftigelse (ubestemt ental);Navneord – Arbejde
JOB;lønnet beskæftigelse (ubestemt flertal);Navneord – Arbejde
JOBBENE;lønnet beskæftigelse (bestemt flertal);Navneord – Arbejde
JOBBET;lønnet beskæftigelse (bestemt ental);Navneord – Arbejde
JORDBÆR;Rødt bær med små kerner udenpå;Mad
JORDBÆR;rød sommerfrugt med frø udenpå (ubestemt ental);Navneord – Mad
JORDBÆR;rød sommerfrugt med frø udenpå (ubestemt flertal);Navneord – Mad
JORDBÆRRENE;rød sommerfrugt med frø udenpå (bestemt flertal);Navneord – Mad
JORDBÆRRET;rød sommerfrugt med frø udenpå (bestemt ental);Navneord – Mad
JORDSKÆLV;rystelse af jordskorpen (ubestemt ental);Navneord – Geografi
JORDSKÆLV;rystelse af jordskorpen (ubestemt flertal);Navneord – Geografi
JORDSKÆLVENE;rystelse af jordskorpen (bestemt flertal);Navneord – Geografi
JORDSKÆLVET;rystelse af jordskorpen (bestemt ental);Navneord – Geografi
JUICE;Drik presset af frugt;Mad
JUICE;frugtsaft som drik (ubestemt ental);Navneord – Mad
JUICEN;frugtsaft som drik (bestemt ental);Navneord – Mad
JUICER;frugtsaft som drik (ubestemt flertal);Navneord – Mad
JUICERNE;frugtsaft som drik (bestemt flertal);Navneord – Mad
JULI;Årets syvende måned;Tid og samfund
JUNI;Årets sjette måned;Tid og samfund
KABEL;Ledning til strøm eller signaler;IT
KABEL;ledning til overførsel af signaler (ubestemt ental);Navneord – Teknologi
KABLER;ledning til overførsel af signaler (ubestemt flertal);Navneord – Teknologi
KABLERNE;ledning til overførsel af signaler (bestemt flertal);Navneord – Teknologi
KABLET;ledning til overførsel af signaler (bestemt ental);Navneord – Teknologi
KAFFE;Varm drik af ristede bønner;Mad
KAFFE;drik lavet af ristede bønner (ubestemt ental);Navneord – Mad
KAFFEN;drik lavet af ristede bønner (bestemt ental);Navneord – Mad
KAFFER;drik lavet af ristede bønner (ubestemt flertal);Navneord – Mad
KAFFERNE;drik lavet af ristede bønner (bestemt flertal);Navneord – Mad
KAGE;Sødt bagværk;Mad
KAGE;sødt bagværk (ubestemt ental);Navneord
KAGEN;sødt bagværk (bestemt ental);Navneord
KAGER;sødt bagværk (ubestemt flertal);Navneord
KAGERNE;sødt bagværk (bestemt flertal);Navneord
KAJAK;Smal båd der drives med pagaj;Transport
KAKAO;Pulver fra kakaobønner;Mad
KAKTUS;Tørketålende plante med pigge;Natur
KALENDER;Oversigt over dage og måneder;Tid og samfund
KALV;Ung ko eller tyr;Dyr
KAMERA;Apparat der tager billeder;Fritid
KAMERA;apparat til at tage billeder (ubestemt ental);Navneord – Medier
KAMERAER;apparat til at tage billeder (ubestemt flertal);Navneord – Medier
KAMERAERNE;apparat til at tage billeder (bestemt flertal);Navneord – Medier
KAMERAET;apparat til at tage billeder (bestemt ental);Navneord – Medier
KAMP;konkurrence mellem modstandere (ubestemt ental);Navneord
KAMPE;konkurrence mellem modstandere (ubestemt flertal);Navneord
KAMPEN;konkurrence mellem modstandere (bestemt ental);Navneord
KAMPENE;konkurrence mellem modstandere (bestemt flertal);Navneord
KANIN;Gravende dyr med lange ører;Dyr
KANIN;lille langøret pattedyr (ubestemt ental);Navneord – Dyr
KANINEN;lille langøret pattedyr (bestemt ental);Navneord – Dyr
KANINER;lille langøret pattedyr (ubestemt flertal);Navneord – Dyr
KANINERNE;lille langøret pattedyr (bestemt flertal);Navneord – Dyr
KANO;Åben båd der drives med pagaj;Transport
KAPITEL;Afsnit i en længere bog;Fritid
KAPITEL;afsnit i en bog (ubestemt ental);Navneord – Uddannelse
KAPITLER;afsnit i en bog (ubestemt flertal);Navneord – Uddannelse
KAPITLERNE;afsnit i en bog (bestemt flertal);Navneord – Uddannelse
KAPITLET;afsnit i en bog (bestemt ental);Navneord – Uddannelse
KAPTAJN;fører på skib eller fly (ubestemt ental);Navneord – Transport
KAPTAJNEN;fører på skib eller fly (bestemt ental);Navneord – Transport
KAPTAJNER;fører på skib eller fly (ubestemt flertal);Navneord – Transport
KAPTAJNERNE;fører på skib eller fly (bestemt flertal);Navneord – Transport
KARPE;stor ferskvandsfisk (ubestemt ental);Navneord – Dyr
KARPEN;stor ferskvandsfisk (bestemt ental);Navneord – Dyr
KARPER;stor ferskvandsfisk (ubestemt flertal);Navneord – Dyr
KARPERNE;stor ferskvandsfisk (bestemt flertal);Navneord – Dyr
KARTOFFEL;Knold der ofte koges til aftensmad;Mad
KARTOFFEL;knold der ofte koges (ubestemt ental);Navneord
KARTOFFEL;spiselig knold fra plante (ubestemt ental);Navneord – Mad
KARTOFLEN;knold der ofte koges (bestemt ental);Navneord
KARTOFLEN;spiselig knold fra plante (bestemt ental);Navneord – Mad
KARTOFLER;knold der ofte koges (ubestemt flertal);Navneord
KARTOFLER;spiselig knold fra plante (ubestemt flertal);Navneord – Mad
KARTOFLERNE;knold der ofte koges (bestemt flertal);Navneord
KARTOFLERNE;spiselig knold fra plante (bestemt flertal);Navneord – Mad
KASTE;sende noget gennem luften (navnemåde);Udsagnsord
KASTEDE;sende noget gennem luften (datid);Udsagnsord
KASTER;sende noget gennem luften (nutid);Udsagnsord
KASTET;sende noget gennem luften (førnutids tillægsform);Udsagnsord
KASTET;sende noget gennem luften (kort tillægsform);Udsagnsord
KAT;Husdyr der ofte spinder;Dyr
KAT;husdyr der ofte mjaver (ubestemt ental);Navneord
KATTE;husdyr der ofte mjaver (ubestemt flertal);Navneord
KATTEN;husdyr der ofte mjaver (bestemt ental);Navneord
KATTENE;husdyr der ofte mjaver (bestemt flertal);Navneord
KEDELIG;uden interesse (grundform);Tillægsord
KEDELIGE;uden interesse (bestemt form eller flertal);Tillægsord
KEDELIGERE;uden interesse (komparativ);Tillægsord
KEDELIGST;uden interesse (superlativ);Tillægsord
KEDELIGT;uden interesse (intetkøn);Tillægsord
KIGGE;rette blikket mod noget (navnemåde);Udsagnsord
KIGGEDE;rette blikket mod noget (datid);Udsagnsord
KIGGER;rette blikket mod noget (nutid);Udsagnsord
KIGGET;rette blikket mod noget (kort tillægsform);Udsagnsord
KIKS;Tørt sprødt bagværk;Mad
KIND;side af ansigtet (ubestemt ental);Navneord – Krop
KINDEN;side af ansigtet (bestemt ental);Navneord – Krop
KINDER;side af ansigtet (ubestemt flertal);Navneord – Krop
KINDERNE;side af ansigtet (bestemt flertal);Navneord – Krop
KIRKE;Bygning til kristen gudstjeneste;Tid og samfund
KIRSEBÆR;Lille rød stenfrugt;Mad
KIRSEBÆR;lille rød stenfrugt (ubestemt ental);Navneord – Mad
KIRSEBÆR;lille rød stenfrugt (ubestemt flertal);Navneord – Mad
KIRSEBÆRRENE;lille rød stenfrugt (bestemt flertal);Navneord – Mad
KIRSEBÆRRET;lille rød stenfrugt (bestemt ental);Navneord – Mad
KLAR;nem at se eller forstå (fælleskøn);Tillægsord
KLARE;nem at se eller forstå (flertal eller bestemt form);Tillægsord
KLARERE;nem at se eller forstå (komparativ);Tillægsord
KLAREST;nem at se eller forstå (superlativ);Tillægsord
KLART;nem at se eller forstå (intetkøn);Tillægsord
KLASSE;gruppe af elever (ubestemt ental);Navneord
KLASSE;type i objektorienteret programmering (ubestemt ental);Navneord – Teknologi
KLASSEN;gruppe af elever (bestemt ental);Navneord
KLASSEN;type i objektorienteret programmering (bestemt ental);Navneord – Teknologi
KLASSER;gruppe af elever (ubestemt flertal);Navneord
KLASSER;type i objektorienteret programmering (ubestemt flertal);Navneord – Teknologi
KLASSERNE;gruppe af elever (bestemt flertal);Navneord
KLASSERNE;type i objektorienteret programmering (bestemt flertal);Navneord – Teknologi
KLATRE;bevæge sig op ad noget stejlt (navnemåde);Udsagnsord
KLATREDE;bevæge sig op ad noget stejlt (datid);Udsagnsord
KLATRER;bevæge sig op ad noget stejlt (nutid);Udsagnsord
KLATRET;bevæge sig op ad noget stejlt (førnutids tillægsform);Udsagnsord
KLAVER;Tangentinstrument med strenge;Fritid
KLIENT;Enhed der bruger en servers tjenester;IT
KLIKKE;trykke med en pegeenhed (navnemåde);Udsagnsord
KLIKKEDE;trykke med en pegeenhed (datid);Udsagnsord
KLIKKER;trykke med en pegeenhed (nutid);Udsagnsord
KLIKKET;trykke med en pegeenhed (førnutids tillægsform);Udsagnsord
KLIPPE;stor fast stenmasse (ubestemt ental);Navneord – Natur
KLIPPEN;stor fast stenmasse (bestemt ental);Navneord – Natur
KLIPPER;stor fast stenmasse (ubestemt flertal);Navneord – Natur
KLIPPERNE;stor fast stenmasse (bestemt flertal);Navneord – Natur
KLIT;Bakke dannet af flyvesand;Natur
KLIT;sandbakke ved kysten (ubestemt ental);Navneord – Natur
KLITTEN;sandbakke ved kysten (bestemt ental);Navneord – Natur
KLITTER;sandbakke ved kysten (ubestemt flertal);Navneord – Natur
KLITTERNE;sandbakke ved kysten (bestemt flertal);Navneord – Natur
KLOG;med god dømmekraft (fælleskøn);Tillægsord
KLOG;med stor forståelse (grundform);Tillægsord
KLOGE;med god dømmekraft (flertal eller bestemt form);Tillægsord
KLOGE;med stor forståelse (bestemt form eller flertal);Tillægsord
KLOGERE;med god dømmekraft (komparativ);Tillægsord
KLOGERE;med stor forståelse (komparativ);Tillægsord
KLOGEST;med god dømmekraft (superlativ);Tillægsord
KLOGEST;med stor forståelse (superlativ);Tillægsord
KLOGT;med god dømmekraft (intetkøn);Tillægsord
KLOGT;med stor forståelse (intetkøn);Tillægsord
KLØVER;Plante ofte med tre småblade;Natur
KNALLERT;Lille motoriseret tohjuler;Transport
KNAP;Element man trykker på for at udføre noget;IT
KNIV;Redskab med skarp æg;Hjem
KNIV;redskab med en skærende klinge (ubestemt ental);Navneord
KNIV;skarpt skæreredskab (ubestemt ental);Navneord – Håndværk
KNIVE;redskab med en skærende klinge (ubestemt flertal);Navneord
KNIVE;skarpt skæreredskab (ubestemt flertal);Navneord – Håndværk
KNIVEN;redskab med en skærende klinge (bestemt ental);Navneord
KNIVEN;skarpt skæreredskab (bestemt ental);Navneord – Håndværk
KNIVENE;redskab med en skærende klinge (bestemt flertal);Navneord
KNIVENE;skarpt skæreredskab (bestemt flertal);Navneord – Håndværk
KNOGLE;Hård del af skelettet;Menneske
KNOGLE;hård del af skelettet (ubestemt ental);Navneord – Krop
KNOGLEN;hård del af skelettet (bestemt ental);Navneord – Krop
KNOGLER;hård del af skelettet (ubestemt flertal);Navneord – Krop
KNOGLERNE;hård del af skelettet (bestemt flertal);Navneord – Krop
KNÆ;Led midt på benet;Menneske
KNÆ;led mellem lår og underben (ubestemt ental);Navneord – Krop
KNÆ;led mellem lår og underben (ubestemt flertal);Navneord – Krop
KNÆENE;led mellem lår og underben (bestemt flertal);Navneord – Krop
KNÆET;led mellem lår og underben (bestemt ental);Navneord – Krop
KO;Husdyr der giver mælk;Dyr
KO;kvæg der giver mælk (ubestemt ental);Navneord
KODE;Tegn eller instruktioner med bestemt betydning;IT
KODE;symboler efter et regelsæt (ubestemt ental);Navneord
KODE;symboler eller instruktioner (ubestemt ental);Navneord – Teknologi
KODEN;symboler efter et regelsæt (bestemt ental);Navneord
KODEN;symboler eller instruktioner (bestemt ental);Navneord – Teknologi
KODEORD;hemmeligt ord til adgang (ubestemt ental);Navneord – Teknologi
KODEORD;hemmeligt ord til adgang (ubestemt flertal);Navneord – Teknologi
KODEORDENE;hemmeligt ord til adgang (bestemt flertal);Navneord – Teknologi
KODEORDET;hemmeligt ord til adgang (bestemt ental);Navneord – Teknologi
KODER;symboler efter et regelsæt (ubestemt flertal);Navneord
KODER;symboler eller instruktioner (ubestemt flertal);Navneord – Teknologi
KODERNE;symboler efter et regelsæt (bestemt flertal);Navneord
KODERNE;symboler eller instruktioner (bestemt flertal);Navneord – Teknologi
KOEN;kvæg der giver mælk (bestemt ental);Navneord
KOGE;opvarme til kogepunkt (navnemåde);Udsagnsord
KOGE;tilberede i boblende vand (navnemåde);Udsagnsord
KOGER;opvarme til kogepunkt (nutid);Udsagnsord
KOGER;tilberede i boblende vand (nutid);Udsagnsord
KOGLE;Frøstand fra et nåletræ;Natur
KOGT;opvarme til kogepunkt (kort tillægsform);Udsagnsord
KOGT;tilberede i boblende vand (førnutids tillægsform);Udsagnsord
KOGTE;opvarme til kogepunkt (datid);Udsagnsord
KOGTE;tilberede i boblende vand (datid);Udsagnsord
KOK;Person der laver mad professionelt;Menneske
KOLD;med lav temperatur (fælleskøn);Tillægsord
KOLD;med lav temperatur (grundform);Tillægsord
KOLDE;med lav temperatur (bestemt form eller flertal);Tillægsord
KOLDE;med lav temperatur (flertal eller bestemt form);Tillægsord
KOLDERE;med lav temperatur (komparativ);Tillægsord
KOLDEST;med lav temperatur (superlativ);Tillægsord
KOLDT;med lav temperatur (intetkøn);Tillægsord
KOLLEGA;person man arbejder sammen med (ubestemt ental);Navneord – Arbejde
KOLLEGAEN;person man arbejder sammen med (bestemt ental);Navneord – Arbejde
KOLLEGER;person man arbejder sammen med (ubestemt flertal);Navneord – Arbejde
KOLLEGERNE;person man arbejder sammen med (bestemt flertal);Navneord – Arbejde
KOMET;himmellegeme med is og støv (ubestemt ental);Navneord – Rummet
KOMETEN;himmellegeme med is og støv (bestemt ental);Navneord – Rummet
KOMETER;himmellegeme med is og støv (ubestemt flertal);Navneord – Rummet
KOMETERNE;himmellegeme med is og støv (bestemt flertal);Navneord – Rummet
KOMFUR;Apparat med kogezoner;Hjem
KOMFUR;apparat til madlavning (ubestemt ental);Navneord – Hjem
KOMFURER;apparat til madlavning (ubestemt flertal);Navneord – Hjem
KOMFURERNE;apparat til madlavning (bestemt flertal);Navneord – Hjem
KOMFURET;apparat til madlavning (bestemt ental);Navneord – Hjem
KOMMUNE;Lokal offentlig forvaltningsenhed;Tid og samfund
KOMMUNE;lokal offentlig myndighed (ubestemt ental);Navneord – Samfund
KOMMUNEN;lokal offentlig myndighed (bestemt ental);Navneord – Samfund
KOMMUNER;lokal offentlig myndighed (ubestemt flertal);Navneord – Samfund
KOMMUNERNE;lokal offentlig myndighed (bestemt flertal);Navneord – Samfund
KOMPAS;Instrument der viser verdenshjørner;Transport
KOMPILERE;oversætte kildekode (navnemåde);Udsagnsord
KOMPILEREDE;oversætte kildekode (datid);Udsagnsord
KOMPILERER;oversætte kildekode (nutid);Udsagnsord
KOMPILERET;oversætte kildekode (kort tillægsform);Udsagnsord
KOMPLEKS;med mange samspillende dele (grundform);Tillægsord
KOMPLEKSE;med mange samspillende dele (bestemt form eller flertal);Tillægsord
KOMPLEKST;med mange samspillende dele (intetkøn);Tillægsord
KONFIGURERE;indstille et system (navnemåde);Udsagnsord
KONFIGUREREDE;indstille et system (datid);Udsagnsord
KONFIGURERER;indstille et system (nutid);Udsagnsord
KONFIGURERET;indstille et system (kort tillægsform);Udsagnsord
KONTAKT;afbryder eller forbindelsespunkt (ubestemt ental);Navneord – Hjem
KONTAKTEN;afbryder eller forbindelsespunkt (bestemt ental);Navneord – Hjem
KONTAKTER;afbryder eller forbindelsespunkt (ubestemt flertal);Navneord – Hjem
KONTAKTERNE;afbryder eller forbindelsespunkt (bestemt flertal);Navneord – Hjem
KONTI;registrering for en bruger eller bankkunde (ubestemt flertal);Navneord – Teknologi
KONTIENE;registrering for en bruger eller bankkunde (bestemt flertal);Navneord – Teknologi
KONTINENT;meget stort sammenhængende landområde (ubestemt ental);Navneord – Geografi
KONTINENTER;meget stort sammenhængende landområde (ubestemt flertal);Navneord – Geografi
KONTINENTERNE;meget stort sammenhængende landområde (bestemt flertal);Navneord – Geografi
KONTINENTET;meget stort sammenhængende landområde (bestemt ental);Navneord – Geografi
KONTO;registrering for en bruger eller bankkunde (ubestemt ental);Navneord – Teknologi
KONTOEN;registrering for en bruger eller bankkunde (bestemt ental);Navneord – Teknologi
KONTRAKT;skriftlig bindende aftale (ubestemt ental);Navneord – Arbejde
KONTRAKTEN;skriftlig bindende aftale (bestemt ental);Navneord – Arbejde
KONTRAKTER;skriftlig bindende aftale (ubestemt flertal);Navneord – Arbejde
KONTRAKTERNE;skriftlig bindende aftale (bestemt flertal);Navneord – Arbejde
KONTROLLERE;undersøge om krav er opfyldt (navnemåde);Udsagnsord
KONTROLLEREDE;undersøge om krav er opfyldt (datid);Udsagnsord
KONTROLLERER;undersøge om krav er opfyldt (nutid);Udsagnsord
KONTROLLERET;undersøge om krav er opfyldt (kort tillægsform);Udsagnsord
KOP;Lille beholder med hank til drikke;Hjem
KOP;lille beholder til drikke (ubestemt ental);Navneord
KOPIERE;lave en efterligning eller kopi (navnemåde);Udsagnsord
KOPIERE;lave en gengivelse (navnemåde);Udsagnsord
KOPIEREDE;lave en efterligning eller kopi (datid);Udsagnsord
KOPIEREDE;lave en gengivelse (datid);Udsagnsord
KOPIERER;lave en efterligning eller kopi (nutid);Udsagnsord
KOPIERER;lave en gengivelse (nutid);Udsagnsord
KOPIERET;lave en efterligning eller kopi (førnutids tillægsform);Udsagnsord
KOPIERET;lave en gengivelse (kort tillægsform);Udsagnsord
KOPPEN;lille beholder til drikke (bestemt ental);Navneord
KOPPER;lille beholder til drikke (ubestemt flertal);Navneord
KOPPERNE;lille beholder til drikke (bestemt flertal);Navneord
KORT;Tegnet oversigt over et område;Transport
KORT;med lille længde (fælleskøn);Tillægsord
KORT;med lille længde (grundform);Tillægsord
KORT;med lille længde (intetkøn);Tillægsord
KORTE;med lille længde (bestemt form eller flertal);Tillægsord
KORTE;med lille længde (flertal eller bestemt form);Tillægsord
KORTERE;med lille længde (komparativ);Tillægsord
KORTEST;med lille længde (superlativ);Tillægsord
KORTSPIL;Spil der bruger et sæt spillekort;Fritid
KOST;Redskab til at feje med;Hjem
KRABBE;Krebsdyr der går sidelæns;Dyr
KRAGE;Stor sortgrå fugl;Dyr
KRAGE;sort eller grå kragefugl (ubestemt ental);Navneord – Dyr
KRAGEN;sort eller grå kragefugl (bestemt ental);Navneord – Dyr
KRAGER;sort eller grå kragefugl (ubestemt flertal);Navneord – Dyr
KRAGERNE;sort eller grå kragefugl (bestemt flertal);Navneord – Dyr
KRITISK;som undersøger og vurderer nøje (grundform);Tillægsord
KRITISK;som undersøger og vurderer nøje (intetkøn);Tillægsord
KRITISKE;som undersøger og vurderer nøje (bestemt form eller flertal);Tillægsord
KRONE;dansk møntenhed (ubestemt ental);Navneord – Samfund
KRONEN;dansk møntenhed (bestemt ental);Navneord – Samfund
KRONER;dansk møntenhed (ubestemt flertal);Navneord – Samfund
KRONERNE;dansk møntenhed (bestemt flertal);Navneord – Samfund
KRUS;drikkebeholder med hank (ubestemt ental);Navneord – Hverdag
KRUS;drikkebeholder med hank (ubestemt flertal);Navneord – Hverdag
KRUSENE;drikkebeholder med hank (bestemt flertal);Navneord – Hverdag
KRUSET;drikkebeholder med hank (bestemt ental);Navneord – Hverdag
KRYDDERI;smagsgivende ingrediens (ubestemt ental);Navneord – Mad
KRYDDERIER;smagsgivende ingrediens (ubestemt flertal);Navneord – Mad
KRYDDERIERNE;smagsgivende ingrediens (bestemt flertal);Navneord – Mad
KRYDDERIET;smagsgivende ingrediens (bestemt ental);Navneord – Mad
KRYDS;Sted hvor veje mødes;Transport
KRYDS;sted hvor veje mødes (ubestemt ental);Navneord – Transport
KRYDS;sted hvor veje mødes (ubestemt flertal);Navneord – Transport
KRYDSENE;sted hvor veje mødes (bestemt flertal);Navneord – Transport
KRYDSET;sted hvor veje mødes (bestemt ental);Navneord – Transport
KRYDSORD;Opgave hvor ord flettes sammen;Fritid
KRYPTERE;gøre data ulæselige uden nøgle (navnemåde);Udsagnsord
KRYPTEREDE;gøre data ulæselige uden nøgle (datid);Udsagnsord
KRYPTERER;gøre data ulæselige uden nøgle (nutid);Udsagnsord
KRYPTERET;gøre data ulæselige uden nøgle (førnutids tillægsform);Udsagnsord
KRYPTERET;gøre data ulæselige uden nøgle (kort tillægsform);Udsagnsord
KRYPTERING;Beskyttelse af data ved kodning;IT
KUFFERT;Stor taske til rejsebagage;Transport
KUFFERT;taske til rejsebagage (ubestemt ental);Navneord – Hverdag
KUFFERTEN;taske til rejsebagage (bestemt ental);Navneord – Hverdag
KUFFERTER;taske til rejsebagage (ubestemt flertal);Navneord – Hverdag
KUFFERTERNE;taske til rejsebagage (bestemt flertal);Navneord – Hverdag
KUN;Ikke andet end;Biord
KUNDE;person der køber en vare (ubestemt ental);Navneord – Handel
KUNDEN;person der køber en vare (bestemt ental);Navneord – Handel
KUNDER;person der køber en vare (ubestemt flertal);Navneord – Handel
KUNDERNE;person der køber en vare (bestemt flertal);Navneord – Handel
KURSER;kort undervisningsforløb (ubestemt flertal);Navneord – Uddannelse
KURSERNE;kort undervisningsforløb (bestemt flertal);Navneord – Uddannelse
KURSET;kort undervisningsforløb (bestemt ental);Navneord – Uddannelse
KURSUS;kort undervisningsforløb (ubestemt ental);Navneord – Uddannelse
KVITTERING;Bevis for et køb;Tid og samfund
KVITTERING;bevis for betaling (ubestemt ental);Navneord – Handel
KVITTERINGEN;bevis for betaling (bestemt ental);Navneord – Handel
KVITTERINGER;bevis for betaling (ubestemt flertal);Navneord – Handel
KVITTERINGERNE;bevis for betaling (bestemt flertal);Navneord – Handel
KYLLING;Fjerkræ der ofte serveres stegt;Mad
KYLLING;Unge af en høne;Dyr
KYST;Grænsen mellem land og hav;Natur
KYST;grænse mellem land og hav (ubestemt ental);Navneord – Natur
KYSTEN;grænse mellem land og hav (bestemt ental);Navneord – Natur
KYSTER;grænse mellem land og hav (ubestemt flertal);Navneord – Natur
KYSTERNE;grænse mellem land og hav (bestemt flertal);Navneord – Natur
KÅL;Grøntsag med tætsiddende blade;Mad
KÆLDER;Rum under husets stueetage;Hjem
KÆLDER;rum under stueetagen (ubestemt ental);Navneord – Hjem
KÆLDEREN;rum under stueetagen (bestemt ental);Navneord – Hjem
KÆLDRE;rum under stueetagen (ubestemt flertal);Navneord – Hjem
KÆLDRENE;rum under stueetagen (bestemt flertal);Navneord – Hjem
KØBE;betale for en vare (navnemåde);Udsagnsord
KØBER;betale for en vare (nutid);Udsagnsord
KØBT;betale for en vare (førnutids tillægsform);Udsagnsord
KØBTE;betale for en vare (datid);Udsagnsord
KØDBOLLE;Lille rund kugle af fars;Mad
KØER;kvæg der giver mælk (ubestemt flertal);Navneord
KØERNE;kvæg der giver mælk (bestemt flertal);Navneord
KØKKEN;Rum hvor man laver mad;Hjem
KØLE;gøre koldere (navnemåde);Udsagnsord
KØLEDE;gøre koldere (datid);Udsagnsord
KØLER;gøre koldere (nutid);Udsagnsord
KØLESKAB;Hvidevare der holder mad kold;Hjem
KØLESKAB;skab der holder maden kold (ubestemt ental);Navneord – Hjem
KØLESKABE;skab der holder maden kold (ubestemt flertal);Navneord – Hjem
KØLESKABENE;skab der holder maden kold (bestemt flertal);Navneord – Hjem
KØLESKABET;skab der holder maden kold (bestemt ental);Navneord – Hjem
KØLET;gøre koldere (kort tillægsform);Udsagnsord
KØRE;bevæge et køretøj (navnemåde);Udsagnsord
KØRE;bevæge sig i et køretøj (navnemåde);Udsagnsord
KØRER;bevæge et køretøj (nutid);Udsagnsord
KØRER;bevæge sig i et køretøj (nutid);Udsagnsord
KØRT;bevæge et køretøj (kort tillægsform);Udsagnsord
KØRT;bevæge sig i et køretøj (førnutids tillægsform);Udsagnsord
KØRTE;bevæge et køretøj (datid);Udsagnsord
KØRTE;bevæge sig i et køretøj (datid);Udsagnsord
LAGER;sted til opbevaring (ubestemt ental);Navneord – Teknologi
LAGERET;sted til opbevaring (bestemt ental);Navneord – Teknologi
LAGRE;sted til opbevaring (ubestemt flertal);Navneord – Teknologi
LAGRENE;sted til opbevaring (bestemt flertal);Navneord – Teknologi
LAKS;Fisk der vandrer op i floder;Dyr
LAKS;vandrefisk med rosa kød (ubestemt ental);Navneord – Dyr
LAKS;vandrefisk med rosa kød (ubestemt flertal);Navneord – Dyr
LAKSEN;vandrefisk med rosa kød (bestemt ental);Navneord – Dyr
LAKSENE;vandrefisk med rosa kød (bestemt flertal);Navneord – Dyr
LAM;Unge af et får;Dyr
LAMPE;Genstand der giver kunstigt lys;Hjem
LAMPE;genstand der giver lys (ubestemt ental);Navneord
LAMPE;genstand som giver lys (ubestemt ental);Navneord – Transport
LAMPEN;genstand der giver lys (bestemt ental);Navneord
LAMPEN;genstand som giver lys (bestemt ental);Navneord – Transport
LAMPER;genstand der giver lys (ubestemt flertal);Navneord
LAMPER;genstand som giver lys (ubestemt flertal);Navneord – Transport
LAMPERNE;genstand der giver lys (bestemt flertal);Navneord
LAMPERNE;genstand som giver lys (bestemt flertal);Navneord – Transport
LAND;Geografisk område eller stat;Tid og samfund
LAND;stat eller større landområde (ubestemt ental);Navneord – Geografi
LANDE;stat eller større landområde (ubestemt flertal);Navneord – Geografi
LANDENE;stat eller større landområde (bestemt flertal);Navneord – Geografi
LANDET;stat eller større landområde (bestemt ental);Navneord – Geografi
LANDSBY;Lille bebyggelse på landet;Tid og samfund
LANDSBY;mindre bebyggelse på landet (ubestemt ental);Navneord – Geografi
LANDSBY;mindre by på landet (ubestemt ental);Navneord
LANDSBYEN;mindre bebyggelse på landet (bestemt ental);Navneord – Geografi
LANDSBYEN;mindre by på landet (bestemt ental);Navneord
LANDSBYER;mindre bebyggelse på landet (ubestemt flertal);Navneord – Geografi
LANDSBYER;mindre by på landet (ubestemt flertal);Navneord
LANDSBYERNE;mindre bebyggelse på landet (bestemt flertal);Navneord – Geografi
LANDSBYERNE;mindre by på landet (bestemt flertal);Navneord
LANG;med stor udstrækning (fælleskøn);Tillægsord
LANG;med stor udstrækning (grundform);Tillægsord
LANGE;med stor udstrækning (bestemt form eller flertal);Tillægsord
LANGE;med stor udstrækning (flertal eller bestemt form);Tillægsord
LANGSOM;med lav fart (grundform);Tillægsord
LANGSOM;som bevæger sig med ringe fart (fælleskøn);Tillægsord
LANGSOMME;med lav fart (bestemt form eller flertal);Tillægsord
LANGSOMME;som bevæger sig med ringe fart (flertal eller bestemt form);Tillægsord
LANGSOMMERE;med lav fart (komparativ);Tillægsord
LANGSOMMERE;som bevæger sig med ringe fart (komparativ);Tillægsord
LANGSOMST;med lav fart (superlativ);Tillægsord
LANGSOMST;som bevæger sig med ringe fart (superlativ);Tillægsord
LANGSOMT;Med lav fart;Biord
LANGSOMT;med lav fart (intetkøn);Tillægsord
LANGSOMT;som bevæger sig med ringe fart (intetkøn);Tillægsord
LANGT;med stor udstrækning (intetkøn);Tillægsord
LARMENDE;som støjer meget (flertal eller bestemt form);Tillægsord
LARMENDE;som støjer meget (fælleskøn);Tillægsord
LARMENDE;som støjer meget (intetkøn);Tillægsord
LARVE;Ungt stadium af mange insekter;Dyr
LASTBIL;Stort køretøj til gods;Transport
LASTBIL;stort køretøj til gods (ubestemt ental);Navneord – Transport
LASTBILEN;stort køretøj til gods (bestemt ental);Navneord – Transport
LASTBILER;stort køretøj til gods (ubestemt flertal);Navneord – Transport
LASTBILERNE;stort køretøj til gods (bestemt flertal);Navneord – Transport
LAV;med lille højde (grundform);Tillægsord
LAV;med ringe højde (fælleskøn);Tillægsord
LAVA;smeltet sten fra vulkan (ubestemt ental);Navneord – Geografi
LAVAEN;smeltet sten fra vulkan (bestemt ental);Navneord – Geografi
LAVAER;smeltet sten fra vulkan (ubestemt flertal);Navneord – Geografi
LAVAERNE;smeltet sten fra vulkan (bestemt flertal);Navneord – Geografi
LAVE;med lille højde (bestemt form eller flertal);Tillægsord
LAVE;med ringe højde (flertal eller bestemt form);Tillægsord
LAVERE;med lille højde (komparativ);Tillægsord
LAVERE;med ringe højde (komparativ);Tillægsord
LAVEST;med lille højde (superlativ);Tillægsord
LAVEST;med ringe højde (superlativ);Tillægsord
LAVT;med lille højde (intetkøn);Tillægsord
LAVT;med ringe højde (intetkøn);Tillægsord
LED;forbindelse mellem knogler (ubestemt ental);Navneord – Krop
LED;forbindelse mellem knogler (ubestemt flertal);Navneord – Krop
LEDDENE;forbindelse mellem knogler (bestemt flertal);Navneord – Krop
LEDDET;forbindelse mellem knogler (bestemt ental);Navneord – Krop
LEDE;stå i spidsen for noget (navnemåde);Udsagnsord
LEDE;søge efter noget (navnemåde);Udsagnsord
LEDER;person der har ansvar for en gruppe (ubestemt ental);Navneord – Arbejde
LEDER;stå i spidsen for noget (nutid);Udsagnsord
LEDER;søge efter noget (nutid);Udsagnsord
LEDERE;person der har ansvar for en gruppe (ubestemt flertal);Navneord – Arbejde
LEDEREN;person der har ansvar for en gruppe (bestemt ental);Navneord – Arbejde
LEDERNE;person der har ansvar for en gruppe (bestemt flertal);Navneord – Arbejde
LEDNING;lang elektrisk forbindelse (ubestemt ental);Navneord – Teknologi
LEDNING;tynd forbindelse til strøm eller signal (ubestemt ental);Navneord – Hjem
LEDNINGEN;lang elektrisk forbindelse (bestemt ental);Navneord – Teknologi
LEDNINGEN;tynd forbindelse til strøm eller signal (bestemt ental);Navneord – Hjem
LEDNINGER;lang elektrisk forbindelse (ubestemt flertal);Navneord – Teknologi
LEDNINGER;tynd forbindelse til strøm eller signal (ubestemt flertal);Navneord – Hjem
LEDNINGERNE;lang elektrisk forbindelse (bestemt flertal);Navneord – Teknologi
LEDNINGERNE;tynd forbindelse til strøm eller signal (bestemt flertal);Navneord – Hjem
LEDT;stå i spidsen for noget (kort tillægsform);Udsagnsord
LEDT;søge efter noget (kort tillægsform);Udsagnsord
LEDTE;stå i spidsen for noget (datid);Udsagnsord
LEDTE;søge efter noget (datid);Udsagnsord
LEGE;more sig med aktiviteter (navnemåde);Udsagnsord
LEGEDE;more sig med aktiviteter (datid);Udsagnsord
LEGER;more sig med aktiviteter (nutid);Udsagnsord
LEGET;more sig med aktiviteter (førnutids tillægsform);Udsagnsord
LEJLIGHED;Bolig i en større bygning;Hjem
LEKTIE;skolearbejde der udføres hjemme (ubestemt ental);Navneord – Uddannelse
LEKTIEN;skolearbejde der udføres hjemme (bestemt ental);Navneord – Uddannelse
LEKTIER;skolearbejde der udføres hjemme (ubestemt flertal);Navneord – Uddannelse
LEKTIERNE;skolearbejde der udføres hjemme (bestemt flertal);Navneord – Uddannelse
LER;Finkornet jord der kan formes;Natur
LET;med ringe vægt (fælleskøn);Tillægsord
LET;med ringe vægt (grundform);Tillægsord
LET;med ringe vægt (intetkøn);Tillægsord
LETTE;med ringe vægt (bestemt form eller flertal);Tillægsord
LETTE;med ringe vægt (flertal eller bestemt form);Tillægsord
LETTERE;med ringe vægt (komparativ);Tillægsord
LETTEST;med ringe vægt (superlativ);Tillægsord
LEVER;organ der omsætter næringsstoffer (ubestemt ental);Navneord – Krop
LEVERE;organ der omsætter næringsstoffer (ubestemt flertal);Navneord – Krop
LEVEREN;organ der omsætter næringsstoffer (bestemt ental);Navneord – Krop
LEVERNE;organ der omsætter næringsstoffer (bestemt flertal);Navneord – Krop
LIDT;I ringe grad;Biord
LIGGE;være i vandret stilling (navnemåde);Udsagnsord
LIGGER;være i vandret stilling (nutid);Udsagnsord
LIGGET;være i vandret stilling (førnutids tillægsform);Udsagnsord
LILJE;Blomst med store kronblade;Natur
LILLE;med ringe størrelse (fælleskøn);Tillægsord
LILLE;med ringe størrelse (grundform);Tillægsord
LILLE;med ringe størrelse (intetkøn);Tillægsord
LIME;Lille grøn citrusfrugt;Mad
LIME;fastgøre med lim (navnemåde);Udsagnsord
LIMEDE;fastgøre med lim (datid);Udsagnsord
LIMER;fastgøre med lim (nutid);Udsagnsord
LIMET;fastgøre med lim (kort tillægsform);Udsagnsord
LINK;Klikbar henvisning til en ressource;IT
LINSE;bælgfrugt eller optisk glas (ubestemt ental);Navneord – Mad
LINSEN;bælgfrugt eller optisk glas (bestemt ental);Navneord – Mad
LINSER;bælgfrugt eller optisk glas (ubestemt flertal);Navneord – Mad
LINSERNE;bælgfrugt eller optisk glas (bestemt flertal);Navneord – Mad
LOFT;Øverste indvendige flade i et rum;Hjem
LOFT;øverste flade i et rum (ubestemt ental);Navneord
LOFT;øverste indvendige flade (ubestemt ental);Navneord – Hjem
LOFTER;øverste flade i et rum (ubestemt flertal);Navneord
LOFTER;øverste indvendige flade (ubestemt flertal);Navneord – Hjem
LOFTERNE;øverste flade i et rum (bestemt flertal);Navneord
LOFTERNE;øverste indvendige flade (bestemt flertal);Navneord – Hjem
LOFTET;øverste flade i et rum (bestemt ental);Navneord
LOFTET;øverste indvendige flade (bestemt ental);Navneord – Hjem
LOGGE;registrere hændelser (navnemåde);Udsagnsord
LOGGEDE;registrere hændelser (datid);Udsagnsord
LOGGER;registrere hændelser (nutid);Udsagnsord
LOGGET;registrere hændelser (kort tillægsform);Udsagnsord
LOGIN;Handling hvor man logger på;IT
LOGISK;som følger en sammenhængende tankegang (grundform);Tillægsord
LOGISK;som følger en sammenhængende tankegang (intetkøn);Tillægsord
LOGISKE;som følger en sammenhængende tankegang (bestemt form eller flertal);Tillægsord
LOKAL;som hører til et område (grundform);Tillægsord
LOKALE;som hører til et område (bestemt form eller flertal);Tillægsord
LOKALT;som hører til et område (intetkøn);Tillægsord
LOV;Regel vedtaget af lovgivende myndighed;Tid og samfund
LOV;vedtaget retsregel (ubestemt ental);Navneord – Samfund
LOVE;vedtaget retsregel (ubestemt flertal);Navneord – Samfund
LOVEN;vedtaget retsregel (bestemt ental);Navneord – Samfund
LOVENE;vedtaget retsregel (bestemt flertal);Navneord – Samfund
LUFTHAVN;Sted hvor fly letter og lander;Transport
LUFTHAVN;sted hvor fly starter og lander (ubestemt ental);Navneord – Transport
LUFTHAVNE;sted hvor fly starter og lander (ubestemt flertal);Navneord – Transport
LUFTHAVNEN;sted hvor fly starter og lander (bestemt ental);Navneord – Transport
LUFTHAVNENE;sted hvor fly starter og lander (bestemt flertal);Navneord – Transport
LUGT;noget der opfattes med næsen (ubestemt ental);Navneord
LUGTE;noget der opfattes med næsen (ubestemt flertal);Navneord
LUGTE;opfatte duft med næsen (navnemåde);Udsagnsord
LUGTE;opfatte med lugtesansen (navnemåde);Udsagnsord
LUGTEDE;opfatte duft med næsen (datid);Udsagnsord
LUGTEDE;opfatte med lugtesansen (datid);Udsagnsord
LUGTEN;noget der opfattes med næsen (bestemt ental);Navneord
LUGTENE;noget der opfattes med næsen (bestemt flertal);Navneord
LUGTER;opfatte duft med næsen (nutid);Udsagnsord
LUGTER;opfatte med lugtesansen (nutid);Udsagnsord
LUGTET;opfatte duft med næsen (førnutids tillægsform);Udsagnsord
LUGTET;opfatte med lugtesansen (kort tillægsform);Udsagnsord
LUKKE;gøre noget utilgængeligt (navnemåde);Udsagnsord
LUKKE;spærre en åbning (navnemåde);Udsagnsord
LUKKEDE;gøre noget utilgængeligt (datid);Udsagnsord
LUKKEDE;ikke åben (bestemt form eller flertal);Tillægsord
LUKKEDE;ikke åben (flertal eller bestemt form);Tillægsord
LUKKEDE;spærre en åbning (datid);Udsagnsord
LUKKER;gøre noget utilgængeligt (nutid);Udsagnsord
LUKKER;spærre en åbning (nutid);Udsagnsord
LUKKET;gøre noget utilgængeligt (kort tillægsform);Udsagnsord
LUKKET;ikke åben (fælleskøn);Tillægsord
LUKKET;ikke åben (grundform);Tillægsord
LUKKET;ikke åben (intetkøn);Tillægsord
LUKKET;spærre en åbning (førnutids tillægsform);Udsagnsord
LUN;behageligt varm (grundform);Tillægsord
LUNE;behageligt varm (bestemt form eller flertal);Tillægsord
LUNERE;behageligt varm (komparativ);Tillægsord
LUNEST;behageligt varm (superlativ);Tillægsord
LUNGE;Organ der optager ilt fra luften;Menneske
LUNGE;organ der optager ilt (ubestemt ental);Navneord – Krop
LUNGEN;organ der optager ilt (bestemt ental);Navneord – Krop
LUNGER;organ der optager ilt (ubestemt flertal);Navneord – Krop
LUNGERNE;organ der optager ilt (bestemt flertal);Navneord – Krop
LUNT;behageligt varm (intetkøn);Tillægsord
LYD;noget der kan høres (ubestemt ental);Navneord
LYDE;noget der kan høres (ubestemt flertal);Navneord
LYDEN;noget der kan høres (bestemt ental);Navneord
LYDENE;noget der kan høres (bestemt flertal);Navneord
LYN;Elektrisk udladning på himlen;Natur
LYS;det der gør noget synligt (ubestemt ental);Navneord – Natur
LYS;det der gør noget synligt (ubestemt flertal);Navneord – Natur
LYS;med meget lys (grundform);Tillægsord
LYS;som udsender eller reflekterer meget lys (fælleskøn);Tillægsord
LYSE;med meget lys (bestemt form eller flertal);Tillægsord
LYSE;som udsender eller reflekterer meget lys (flertal eller bestemt form);Tillægsord
LYSE;udsende lys (navnemåde);Udsagnsord
LYSENE;det der gør noget synligt (bestemt flertal);Navneord – Natur
LYSER;udsende lys (nutid);Udsagnsord
LYSERE;med meget lys (komparativ);Tillægsord
LYSERE;som udsender eller reflekterer meget lys (komparativ);Tillægsord
LYSEST;med meget lys (superlativ);Tillægsord
LYSEST;som udsender eller reflekterer meget lys (superlativ);Tillægsord
LYSET;det der gør noget synligt (bestemt ental);Navneord – Natur
LYST;med meget lys (intetkøn);Tillægsord
LYST;som udsender eller reflekterer meget lys (intetkøn);Tillægsord
LYST;udsende lys (førnutids tillægsform);Udsagnsord
LYST;udsende lys (kort tillægsform);Udsagnsord
LYSTE;udsende lys (datid);Udsagnsord
LYTTE;høre opmærksomt (navnemåde);Udsagnsord
LYTTEDE;høre opmærksomt (datid);Udsagnsord
LYTTER;høre opmærksomt (nutid);Udsagnsord
LYTTET;høre opmærksomt (kort tillægsform);Udsagnsord
LÅ;være i vandret stilling (datid);Udsagnsord
LÅGE;lille dør i hegn eller skab (ubestemt ental);Navneord – Hjem
LÅGEN;lille dør i hegn eller skab (bestemt ental);Navneord – Hjem
LÅGER;lille dør i hegn eller skab (ubestemt flertal);Navneord – Hjem
LÅGERNE;lille dør i hegn eller skab (bestemt flertal);Navneord – Hjem
LÅNE;få noget midlertidigt (navnemåde);Udsagnsord
LÅNER;få noget midlertidigt (nutid);Udsagnsord
LÅNT;få noget midlertidigt (førnutids tillægsform);Udsagnsord
LÅNTE;få noget midlertidigt (datid);Udsagnsord
LÅS;Mekanisme der holder noget lukket;Hjem
LÅS;mekanisme der spærrer for adgang (ubestemt ental);Navneord
LÅSE;mekanisme der spærrer for adgang (ubestemt flertal);Navneord
LÅSEN;mekanisme der spærrer for adgang (bestemt ental);Navneord
LÅSENE;mekanisme der spærrer for adgang (bestemt flertal);Navneord
LÆBE;Blød kant omkring munden;Menneske
LÆBE;blød kant om munden (ubestemt ental);Navneord – Krop
LÆBEN;blød kant om munden (bestemt ental);Navneord – Krop
LÆBER;blød kant om munden (ubestemt flertal);Navneord – Krop
LÆBERNE;blød kant om munden (bestemt flertal);Navneord – Krop
LÆGE;Person der undersøger og behandler syge;Menneske
LÆGE;person der behandler sygdomme (ubestemt ental);Navneord
LÆGEN;person der behandler sygdomme (bestemt ental);Navneord
LÆGER;person der behandler sygdomme (ubestemt flertal);Navneord
LÆGERNE;person der behandler sygdomme (bestemt flertal);Navneord
LÆNGERE;med stor udstrækning (komparativ);Tillægsord
LÆNGST;med stor udstrækning (superlativ);Tillægsord
LÆRE;tilegne sig viden (navnemåde);Udsagnsord
LÆRER;Person der underviser;Menneske
LÆRER;person der underviser (ubestemt ental);Navneord
LÆRER;tilegne sig viden (nutid);Udsagnsord
LÆRERE;person der underviser (ubestemt flertal);Navneord
LÆREREN;person der underviser (bestemt ental);Navneord
LÆRERNE;person der underviser (bestemt flertal);Navneord
LÆRT;tilegne sig viden (førnutids tillægsform);Udsagnsord
LÆRT;tilegne sig viden (kort tillægsform);Udsagnsord
LÆRTE;tilegne sig viden (datid);Udsagnsord
LÆSE;forstå skrevet tekst (navnemåde);Udsagnsord
LÆSER;forstå skrevet tekst (nutid);Udsagnsord
LÆSER;person der læser (ubestemt ental);Navneord – Medier
LÆSERE;person der læser (ubestemt flertal);Navneord – Medier
LÆSEREN;person der læser (bestemt ental);Navneord – Medier
LÆSERNE;person der læser (bestemt flertal);Navneord – Medier
LÆST;forstå skrevet tekst (førnutids tillægsform);Udsagnsord
LÆSTE;forstå skrevet tekst (datid);Udsagnsord
LØB;Idræt hvor man bevæger sig hurtigt til fods;Fritid
LØB;bevæge sig hurtigt til fods (datid);Udsagnsord
LØBE;bevæge sig hurtigt til fods (navnemåde);Udsagnsord
LØBER;bevæge sig hurtigt til fods (nutid);Udsagnsord
LØBET;bevæge sig hurtigt til fods (førnutids tillægsform);Udsagnsord
LØBET;bevæge sig hurtigt til fods (kort tillægsform);Udsagnsord
LØFTE;bevæge noget opad (navnemåde);Udsagnsord
LØFTE;hæve noget op (navnemåde);Udsagnsord
LØFTEDE;bevæge noget opad (datid);Udsagnsord
LØFTEDE;hæve noget op (datid);Udsagnsord
LØFTER;bevæge noget opad (nutid);Udsagnsord
LØFTER;hæve noget op (nutid);Udsagnsord
LØFTET;bevæge noget opad (kort tillægsform);Udsagnsord
LØFTET;hæve noget op (førnutids tillægsform);Udsagnsord
LØG;Grøntsag der kan få øjnene til at løbe;Mad
LØG;grøntsag med lagdelte blade (ubestemt ental);Navneord – Mad
LØG;grøntsag med lagdelte blade (ubestemt flertal);Navneord – Mad
LØG;grøntsag med skarp smag (ubestemt ental);Navneord
LØG;grøntsag med skarp smag (ubestemt flertal);Navneord
LØGENE;grøntsag med lagdelte blade (bestemt flertal);Navneord – Mad
LØGENE;grøntsag med skarp smag (bestemt flertal);Navneord
LØGET;grøntsag med lagdelte blade (bestemt ental);Navneord – Mad
LØGET;grøntsag med skarp smag (bestemt ental);Navneord
LØN;betaling for arbejde (ubestemt ental);Navneord – Arbejde
LØNNEN;betaling for arbejde (bestemt ental);Navneord – Arbejde
LØNNINGER;betaling for arbejde (ubestemt flertal);Navneord – Arbejde
LØNNINGERNE;betaling for arbejde (bestemt flertal);Navneord – Arbejde
LØRDAG;Ugedag efter fredag;Tid og samfund
LØS;ikke tæt fastgjort (grundform);Tillægsord
LØSE;ikke tæt fastgjort (bestemt form eller flertal);Tillægsord
LØSERE;ikke tæt fastgjort (komparativ);Tillægsord
LØSEST;ikke tæt fastgjort (superlativ);Tillægsord
LØST;ikke tæt fastgjort (intetkøn);Tillægsord
LØVE;stort kattedyr fra Afrika (ubestemt ental);Navneord
LØVEN;stort kattedyr fra Afrika (bestemt ental);Navneord
LØVER;stort kattedyr fra Afrika (ubestemt flertal);Navneord
LØVERNE;stort kattedyr fra Afrika (bestemt flertal);Navneord
MADPAKKE;medbragt pakket måltid (ubestemt ental);Navneord – Hverdag
MADPAKKEN;medbragt pakket måltid (bestemt ental);Navneord – Hverdag
MADPAKKER;medbragt pakket måltid (ubestemt flertal);Navneord – Hverdag
MADPAKKERNE;medbragt pakket måltid (bestemt flertal);Navneord – Hverdag
MADRAS;Blødt underlag i en seng;Hjem
MAIL;elektronisk besked (ubestemt ental);Navneord – Teknologi
MAILEN;elektronisk besked (bestemt ental);Navneord – Teknologi
MAILENE;elektronisk besked (bestemt flertal);Navneord – Teknologi
MAILS;elektronisk besked (ubestemt flertal);Navneord – Teknologi
MAJ;Måneden mellem april og juni;Tid og samfund
MAJS;Gule kerner på en kolbe;Mad
MALE;dække med maling (navnemåde);Udsagnsord
MALE;påføre farve på en overflade (navnemåde);Udsagnsord
MALEDE;dække med maling (datid);Udsagnsord
MALEDE;påføre farve på en overflade (datid);Udsagnsord
MALER;Håndværker der påfører maling;Menneske
MALER;dække med maling (nutid);Udsagnsord
MALER;påføre farve på en overflade (nutid);Udsagnsord
MALERI;Billede lavet med maling;Fritid
MALET;dække med maling (førnutids tillægsform);Udsagnsord
MALET;påføre farve på en overflade (kort tillægsform);Udsagnsord
MALING;farvet materiale til overflader (ubestemt ental);Navneord – Håndværk
MALINGEN;farvet materiale til overflader (bestemt ental);Navneord – Håndværk
MALINGER;farvet materiale til overflader (ubestemt flertal);Navneord – Håndværk
MALINGERNE;farvet materiale til overflader (bestemt flertal);Navneord – Håndværk
MANDAG;Ugens første hverdag;Tid og samfund
MANDARIN;Lille citrusfrugt der er nem at skrælle;Mad
MANDEL;Aflang spiselig kerne;Mad
MANDEL;spiselig kerne fra stenfrugt (ubestemt ental);Navneord – Mad
MANDLEN;spiselig kerne fra stenfrugt (bestemt ental);Navneord – Mad
MANDLER;spiselig kerne fra stenfrugt (ubestemt flertal);Navneord – Mad
MANDLERNE;spiselig kerne fra stenfrugt (bestemt flertal);Navneord – Mad
MANGLE;have for lidt af noget (navnemåde);Udsagnsord
MANGLEDE;have for lidt af noget (datid);Udsagnsord
MANGLER;have for lidt af noget (nutid);Udsagnsord
MANGLET;have for lidt af noget (kort tillægsform);Udsagnsord
MANGO;Sød tropisk stenfrugt;Mad
MANGO;sød tropisk stenfrugt (ubestemt ental);Navneord – Mad
MANGOEN;sød tropisk stenfrugt (bestemt ental);Navneord – Mad
MANGOER;sød tropisk stenfrugt (ubestemt flertal);Navneord – Mad
MANGOERNE;sød tropisk stenfrugt (bestemt flertal);Navneord – Mad
MANUEL;som udføres med hænderne (grundform);Tillægsord
MANUELLE;som udføres med hænderne (bestemt form eller flertal);Tillægsord
MANUELT;som udføres med hænderne (intetkøn);Tillægsord
MAPPE;Digital beholder til filer;IT
MAPPE;beholder til dokumenter eller filer (ubestemt ental);Navneord – Teknologi
MAPPE;beholder til filer eller dokumenter (ubestemt ental);Navneord
MAPPEN;beholder til dokumenter eller filer (bestemt ental);Navneord – Teknologi
MAPPEN;beholder til filer eller dokumenter (bestemt ental);Navneord
MAPPER;beholder til dokumenter eller filer (ubestemt flertal);Navneord – Teknologi
MAPPER;beholder til filer eller dokumenter (ubestemt flertal);Navneord
MAPPERNE;beholder til dokumenter eller filer (bestemt flertal);Navneord – Teknologi
MAPPERNE;beholder til filer eller dokumenter (bestemt flertal);Navneord
MARK;Dyrket jordstykke;Natur
MARK;dyrket landbrugsareal (ubestemt ental);Navneord – Natur
MARK;dyrket stykke jord (ubestemt ental);Navneord
MARKED;Sted hvor flere sælger varer;Tid og samfund
MARKEN;dyrket landbrugsareal (bestemt ental);Navneord – Natur
MARKEN;dyrket stykke jord (bestemt ental);Navneord
MARKER;dyrket landbrugsareal (ubestemt flertal);Navneord – Natur
MARKER;dyrket stykke jord (ubestemt flertal);Navneord
MARKERNE;dyrket landbrugsareal (bestemt flertal);Navneord – Natur
MARKERNE;dyrket stykke jord (bestemt flertal);Navneord
MARTS;Årets tredje måned;Tid og samfund
MAVE;Kropsdel mellem bryst og bækken;Menneske
MAVE;del af kroppen hvor mad fordøjes (ubestemt ental);Navneord – Krop
MAVEN;del af kroppen hvor mad fordøjes (bestemt ental);Navneord – Krop
MAVER;del af kroppen hvor mad fordøjes (ubestemt flertal);Navneord – Krop
MAVERNE;del af kroppen hvor mad fordøjes (bestemt flertal);Navneord – Krop
MED;I selskab med;Forholdsord
MEDALJE;udmærkelse ved konkurrence (ubestemt ental);Navneord – Sport
MEDALJEN;udmærkelse ved konkurrence (bestemt ental);Navneord – Sport
MEDALJER;udmærkelse ved konkurrence (ubestemt flertal);Navneord – Sport
MEDALJERNE;udmærkelse ved konkurrence (bestemt flertal);Navneord – Sport
MEDARBEJDER;person ansat i en organisation (ubestemt ental);Navneord – Arbejde
MEDARBEJDERE;person ansat i en organisation (ubestemt flertal);Navneord – Arbejde
MEDARBEJDEREN;person ansat i en organisation (bestemt ental);Navneord – Arbejde
MEDARBEJDERNE;person ansat i en organisation (bestemt flertal);Navneord – Arbejde
MEGET;I høj grad;Biord
MEJSE;lille livlig sangfugl (ubestemt ental);Navneord – Dyr
MEJSEN;lille livlig sangfugl (bestemt ental);Navneord – Dyr
MEJSER;lille livlig sangfugl (ubestemt flertal);Navneord – Dyr
MEJSERNE;lille livlig sangfugl (bestemt flertal);Navneord – Dyr
MEKANISK;som virker med bevægelige dele (grundform);Tillægsord
MEKANISK;som virker med bevægelige dele (intetkøn);Tillægsord
MEKANISKE;som virker med bevægelige dele (bestemt form eller flertal);Tillægsord
MEL;Fintmalet korn;Mad
MELLEM;I rummet der adskiller to ting;Forholdsord
MELODI;Række af toner der danner en helhed;Fritid
MELODI;række af toner (ubestemt ental);Navneord
MELODIEN;række af toner (bestemt ental);Navneord
MELODIER;række af toner (ubestemt flertal);Navneord
MELODIERNE;række af toner (bestemt flertal);Navneord
MELON;Stor saftig frugt;Mad
MELON;stor saftig frugt (ubestemt ental);Navneord – Mad
MELONEN;stor saftig frugt (bestemt ental);Navneord – Mad
MELONER;stor saftig frugt (ubestemt flertal);Navneord – Mad
MELONERNE;stor saftig frugt (bestemt flertal);Navneord – Mad
MEN;Indleder en modsætning;Bindeord
MENU;Oversigt over valgbare funktioner;IT
METRO;bybane med hyppige afgange (ubestemt ental);Navneord – Transport
METROEN;bybane med hyppige afgange (bestemt ental);Navneord – Transport
METROER;bybane med hyppige afgange (ubestemt flertal);Navneord – Transport
METROERNE;bybane med hyppige afgange (bestemt flertal);Navneord – Transport
MIKROFON;udstyr der opfanger lyd (ubestemt ental);Navneord – Medier
MIKROFONEN;udstyr der opfanger lyd (bestemt ental);Navneord – Medier
MIKROFONER;udstyr der opfanger lyd (ubestemt flertal);Navneord – Medier
MIKROFONERNE;udstyr der opfanger lyd (bestemt flertal);Navneord – Medier
MINDRE;med ringe størrelse (komparativ);Tillægsord
MINDST;med ringe størrelse (superlativ);Tillægsord
MINISTER;Medlem af en regering;Tid og samfund
MINISTER;medlem af regeringen (ubestemt ental);Navneord – Samfund
MINISTEREN;medlem af regeringen (bestemt ental);Navneord – Samfund
MINISTERIER;offentlig central forvaltningsenhed (ubestemt flertal);Navneord – Samfund
MINISTERIERNE;offentlig central forvaltningsenhed (bestemt flertal);Navneord – Samfund
MINISTERIET;offentlig central forvaltningsenhed (bestemt ental);Navneord – Samfund
MINISTERIUM;offentlig central forvaltningsenhed (ubestemt ental);Navneord – Samfund
MINISTRE;medlem af regeringen (ubestemt flertal);Navneord – Samfund
MINISTRENE;medlem af regeringen (bestemt flertal);Navneord – Samfund
MINUT;Tidsenhed på tres sekunder;Tid og samfund
MINUT;tidsrum på tres sekunder (ubestemt ental);Navneord
MINUTTER;tidsrum på tres sekunder (ubestemt flertal);Navneord
MINUTTERNE;tidsrum på tres sekunder (bestemt flertal);Navneord
MINUTTET;tidsrum på tres sekunder (bestemt ental);Navneord
MISTE;ikke længere have noget (navnemåde);Udsagnsord
MISTEDE;ikke længere have noget (datid);Udsagnsord
MISTER;ikke længere have noget (nutid);Udsagnsord
MISTET;ikke længere have noget (førnutids tillægsform);Udsagnsord
MOD;I retning af noget;Forholdsord
MODEN;fuldt udviklet (grundform);Tillægsord
MODENT;fuldt udviklet (intetkøn);Tillægsord
MODIG;som tør møde fare (fælleskøn);Tillægsord
MODIG;som tør tage en risiko (grundform);Tillægsord
MODIGE;som tør møde fare (flertal eller bestemt form);Tillægsord
MODIGE;som tør tage en risiko (bestemt form eller flertal);Tillægsord
MODIGERE;som tør møde fare (komparativ);Tillægsord
MODIGERE;som tør tage en risiko (komparativ);Tillægsord
MODIGST;som tør møde fare (superlativ);Tillægsord
MODIGST;som tør tage en risiko (superlativ);Tillægsord
MODIGT;som tør møde fare (intetkøn);Tillægsord
MODIGT;som tør tage en risiko (intetkøn);Tillægsord
MODNE;fuldt udviklet (bestemt form eller flertal);Tillægsord
MODNERE;fuldt udviklet (komparativ);Tillægsord
MODNEST;fuldt udviklet (superlativ);Tillægsord
MODTAGE;få noget overdraget (navnemåde);Udsagnsord
MODTAGE;få noget tilsendt (navnemåde);Udsagnsord
MODTAGER;få noget overdraget (nutid);Udsagnsord
MODTAGER;få noget tilsendt (nutid);Udsagnsord
MODTAGET;få noget overdraget (kort tillægsform);Udsagnsord
MODTAGET;få noget tilsendt (førnutids tillægsform);Udsagnsord
MODTOG;få noget overdraget (datid);Udsagnsord
MODTOG;få noget tilsendt (datid);Udsagnsord
MOR;Kvindelig forælder;Menneske
MOR;kvindelig forælder (ubestemt ental);Navneord
MOREN;kvindelig forælder (bestemt ental);Navneord
MORGEN;Dagens første timer;Natur
MORGEN;dagens tidlige timer (ubestemt ental);Navneord – Tid
MORGEN;døgnets første timer (ubestemt ental);Navneord
MORGENEN;dagens tidlige timer (bestemt ental);Navneord – Tid
MORGENEN;døgnets første timer (bestemt ental);Navneord
MORGENER;dagens tidlige timer (ubestemt flertal);Navneord – Tid
MORGENER;døgnets første timer (ubestemt flertal);Navneord
MORGENERNE;dagens tidlige timer (bestemt flertal);Navneord – Tid
MORGENERNE;døgnets første timer (bestemt flertal);Navneord
MORGENMAD;dagens første måltid (ubestemt ental);Navneord – Mad
MORGENMAD;dagens første måltid (ubestemt flertal);Navneord – Mad
MORGENMADEN;dagens første måltid (bestemt ental);Navneord – Mad
MOS;Lille grøn plante uden blomster;Natur
MOS;lille grøn sporeplante (ubestemt ental);Navneord – Natur
MOSSER;lille grøn sporeplante (ubestemt flertal);Navneord – Natur
MOSSERNE;lille grøn sporeplante (bestemt flertal);Navneord – Natur
MOSSET;lille grøn sporeplante (bestemt ental);Navneord – Natur
MOTOR;Maskine der skaber bevægelse;Transport
MOTOR;maskine der skaber bevægelse (ubestemt ental);Navneord – Transport
MOTORCYKEL;Motordrevet køretøj med to hjul;Transport
MOTORCYKEL;tohjulet motorkøretøj (ubestemt ental);Navneord – Transport
MOTORCYKLEN;tohjulet motorkøretøj (bestemt ental);Navneord – Transport
MOTORCYKLER;tohjulet motorkøretøj (ubestemt flertal);Navneord – Transport
MOTORCYKLERNE;tohjulet motorkøretøj (bestemt flertal);Navneord – Transport
MOTOREN;maskine der skaber bevægelse (bestemt ental);Navneord – Transport
MOTORER;maskine der skaber bevægelse (ubestemt flertal);Navneord – Transport
MOTORERNE;maskine der skaber bevægelse (bestemt flertal);Navneord – Transport
MULD;Næringsrig mørk jord;Natur
MULDVARP;Gravende dyr med skovlformede forben;Dyr
MULDVARP;gravende lille pattedyr (ubestemt ental);Navneord – Dyr
MULDVARPE;gravende lille pattedyr (ubestemt flertal);Navneord – Dyr
MULDVARPEN;gravende lille pattedyr (bestemt ental);Navneord – Dyr
MULDVARPENE;gravende lille pattedyr (bestemt flertal);Navneord – Dyr
MUND;Åbning til at spise og tale;Menneske
MUND;åbning til at spise og tale (ubestemt ental);Navneord – Krop
MUNDE;åbning til at spise og tale (ubestemt flertal);Navneord – Krop
MUNDEN;åbning til at spise og tale (bestemt ental);Navneord – Krop
MUNDENE;åbning til at spise og tale (bestemt flertal);Navneord – Krop
MUR;lodret konstruktion af sten (ubestemt ental);Navneord – Håndværk
MURE;bygge med sten og mørtel (navnemåde);Udsagnsord
MURE;lodret konstruktion af sten (ubestemt flertal);Navneord – Håndværk
MUREDE;bygge med sten og mørtel (datid);Udsagnsord
MUREN;lodret konstruktion af sten (bestemt ental);Navneord – Håndværk
MURENE;lodret konstruktion af sten (bestemt flertal);Navneord – Håndværk
MURER;Håndværker der bygger med sten;Menneske
MURER;bygge med sten og mørtel (nutid);Udsagnsord
MURET;bygge med sten og mørtel (kort tillægsform);Udsagnsord
MURSTEN;byggesten af brændt ler (ubestemt ental);Navneord – Håndværk
MURSTEN;byggesten af brændt ler (ubestemt flertal);Navneord – Håndværk
MURSTENEN;byggesten af brændt ler (bestemt ental);Navneord – Håndværk
MURSTENENE;byggesten af brændt ler (bestemt flertal);Navneord – Håndværk
MUS;Lille gnaver med lang hale;Dyr
MUS;Pegeenhed til en computer;IT
MUS;lille gnaver (ubestemt ental);Navneord
MUS;lille gnaver (ubestemt flertal);Navneord
MUS;pegeenhed til en computer (ubestemt ental);Navneord
MUS;pegeenhed til en computer (ubestemt flertal);Navneord
MUSEN;lille gnaver (bestemt ental);Navneord
MUSEN;pegeenhed til en computer (bestemt ental);Navneord
MUSENE;lille gnaver (bestemt flertal);Navneord
MUSENE;pegeenhed til en computer (bestemt flertal);Navneord
MUSEUM;Sted med udstillinger af genstande;Tid og samfund
MUSIK;Kunst af organiserede lyde;Fritid
MUSKEL;Væv der kan trække sig sammen;Menneske
MUSKEL;væv der skaber bevægelse (ubestemt ental);Navneord – Krop
MUSKLEN;væv der skaber bevægelse (bestemt ental);Navneord – Krop
MUSKLER;væv der skaber bevægelse (ubestemt flertal);Navneord – Krop
MUSKLERNE;væv der skaber bevægelse (bestemt flertal);Navneord – Krop
MYG;Lille insekt der kan stikke;Dyr
MYRE;Lille socialt insekt;Dyr
MYRE;lille insekt i kolonier (ubestemt ental);Navneord
MYREN;lille insekt i kolonier (bestemt ental);Navneord
MYRER;lille insekt i kolonier (ubestemt flertal);Navneord
MYRERNE;lille insekt i kolonier (bestemt flertal);Navneord
MÅGE;Skrigende fugl ved kysten;Dyr
MÅGE;havfugl med skrigende stemme (ubestemt ental);Navneord – Dyr
MÅGEN;havfugl med skrigende stemme (bestemt ental);Navneord – Dyr
MÅGER;havfugl med skrigende stemme (ubestemt flertal);Navneord – Dyr
MÅGERNE;havfugl med skrigende stemme (bestemt flertal);Navneord – Dyr
MÅL;det man forsøger at opnå (ubestemt ental);Navneord – Sport
MÅL;det man forsøger at opnå (ubestemt flertal);Navneord – Sport
MÅL;noget man ønsker at opnå (ubestemt ental);Navneord
MÅL;noget man ønsker at opnå (ubestemt flertal);Navneord
MÅLE;bestemme en størrelse (navnemåde);Udsagnsord
MÅLENE;det man forsøger at opnå (bestemt flertal);Navneord – Sport
MÅLENE;noget man ønsker at opnå (bestemt flertal);Navneord
MÅLER;bestemme en størrelse (nutid);Udsagnsord
MÅLET;det man forsøger at opnå (bestemt ental);Navneord – Sport
MÅLET;noget man ønsker at opnå (bestemt ental);Navneord
MÅLGRUPPE;personer en aktivitet henvender sig til (ubestemt ental);Navneord – Arbejde
MÅLGRUPPEN;personer en aktivitet henvender sig til (bestemt ental);Navneord – Arbejde
MÅLGRUPPER;personer en aktivitet henvender sig til (ubestemt flertal);Navneord – Arbejde
MÅLGRUPPERNE;personer en aktivitet henvender sig til (bestemt flertal);Navneord – Arbejde
MÅLT;bestemme en størrelse (kort tillægsform);Udsagnsord
MÅLTE;bestemme en størrelse (datid);Udsagnsord
MÅLTID;mad der spises på et tidspunkt (ubestemt ental);Navneord – Mad
MÅLTIDER;mad der spises på et tidspunkt (ubestemt flertal);Navneord – Mad
MÅLTIDERNE;mad der spises på et tidspunkt (bestemt flertal);Navneord – Mad
MÅLTIDET;mad der spises på et tidspunkt (bestemt ental);Navneord – Mad
MÅNE;Jordens naturlige satellit;Natur
MÅNED;En af årets tolv dele;Tid og samfund
MÅNED;del af et år (ubestemt ental);Navneord
MÅNED;omtrent en tolvtedel af et år (ubestemt ental);Navneord – Tid
MÅNEDEN;del af et år (bestemt ental);Navneord
MÅNEDEN;omtrent en tolvtedel af et år (bestemt ental);Navneord – Tid
MÅNEDER;del af et år (ubestemt flertal);Navneord
MÅNEDER;omtrent en tolvtedel af et år (ubestemt flertal);Navneord – Tid
MÅNEDERNE;del af et år (bestemt flertal);Navneord
MÅNEDERNE;omtrent en tolvtedel af et år (bestemt flertal);Navneord – Tid
MÅSKE;Udtrykker usikkerhed;Biord
MÆLK;Hvid drik fra blandt andet køer;Mad
MÆLK;hvid drik fra pattedyr (ubestemt ental);Navneord – Mad
MÆLK;hvid drik fra pattedyr (ubestemt flertal);Navneord – Mad
MÆLKEN;hvid drik fra pattedyr (bestemt ental);Navneord – Mad
MÆLKENE;hvid drik fra pattedyr (bestemt flertal);Navneord – Mad
MÆRKE;blive opmærksom ved sansning (navnemåde);Udsagnsord
MÆRKEDE;blive opmærksom ved sansning (datid);Udsagnsord
MÆRKER;blive opmærksom ved sansning (nutid);Udsagnsord
MÆRKET;blive opmærksom ved sansning (kort tillægsform);Udsagnsord
MØDE;samling af personer til samtale (ubestemt ental);Navneord – Arbejde
MØDE;træffe nogen (navnemåde);Udsagnsord
MØDER;samling af personer til samtale (ubestemt flertal);Navneord – Arbejde
MØDER;træffe nogen (nutid);Udsagnsord
MØDERNE;samling af personer til samtale (bestemt flertal);Navneord – Arbejde
MØDET;samling af personer til samtale (bestemt ental);Navneord – Arbejde
MØDRE;kvindelig forælder (ubestemt flertal);Navneord
MØDRENE;kvindelig forælder (bestemt flertal);Navneord
MØDT;træffe nogen (kort tillægsform);Udsagnsord
MØDTE;træffe nogen (datid);Udsagnsord
MØNT;Rundt betalingsmiddel af metal;Tid og samfund
MØNT;rundt betalingsmiddel af metal (ubestemt ental);Navneord – Samfund
MØNT;rundt stykke betalingsmiddel (ubestemt ental);Navneord
MØNTEN;rundt betalingsmiddel af metal (bestemt ental);Navneord – Samfund
MØNTEN;rundt stykke betalingsmiddel (bestemt ental);Navneord
MØNTER;rundt betalingsmiddel af metal (ubestemt flertal);Navneord – Samfund
MØNTER;rundt stykke betalingsmiddel (ubestemt flertal);Navneord
MØNTERNE;rundt betalingsmiddel af metal (bestemt flertal);Navneord – Samfund
MØNTERNE;rundt stykke betalingsmiddel (bestemt flertal);Navneord
MØRK;med lidt lys (fælleskøn);Tillægsord
MØRK;med lidt lys (grundform);Tillægsord
MØRKE;med lidt lys (bestemt form eller flertal);Tillægsord
MØRKE;med lidt lys (flertal eller bestemt form);Tillægsord
MØRKERE;med lidt lys (komparativ);Tillægsord
MØRKEST;med lidt lys (superlativ);Tillægsord
MØRKT;med lidt lys (intetkøn);Tillægsord
MØTRIK;fastgørelsesdel med indvendigt gevind (ubestemt ental);Navneord – Håndværk
MØTRIKKEN;fastgørelsesdel med indvendigt gevind (bestemt ental);Navneord – Håndværk
MØTRIKKER;fastgørelsesdel med indvendigt gevind (ubestemt flertal);Navneord – Håndværk
MØTRIKKERNE;fastgørelsesdel med indvendigt gevind (bestemt flertal);Navneord – Håndværk
NABO;Person der bor tæt ved;Menneske
NAT;Tiden mellem solnedgang og solopgang;Natur
NAT;den mørke del af døgnet (ubestemt ental);Navneord
NAT;døgnets mørkeste timer (ubestemt ental);Navneord – Tid
NATIONAL;som angår et land (grundform);Tillægsord
NATIONALE;som angår et land (bestemt form eller flertal);Tillægsord
NATIONALT;som angår et land (intetkøn);Tillægsord
NATTEN;den mørke del af døgnet (bestemt ental);Navneord
NATTEN;døgnets mørkeste timer (bestemt ental);Navneord – Tid
NEGL;Hård plade på en fingerspids;Menneske
NEGL;hård plade på fingerspidser (ubestemt ental);Navneord – Krop
NEGLE;hård plade på fingerspidser (ubestemt flertal);Navneord – Krop
NEGLEN;hård plade på fingerspidser (bestemt ental);Navneord – Krop
NEGLENE;hård plade på fingerspidser (bestemt flertal);Navneord – Krop
NEJ;Benægtende svar;Småord
NEM;let at udføre (grundform);Tillægsord
NEM;som kræver lille indsats (fælleskøn);Tillægsord
NEMME;let at udføre (bestemt form eller flertal);Tillægsord
NEMME;som kræver lille indsats (flertal eller bestemt form);Tillægsord
NEMMERE;let at udføre (komparativ);Tillægsord
NEMMERE;som kræver lille indsats (komparativ);Tillægsord
NEMMEST;let at udføre (superlativ);Tillægsord
NEMMEST;som kræver lille indsats (superlativ);Tillægsord
NEMT;let at udføre (intetkøn);Tillægsord
NEMT;som kræver lille indsats (intetkøn);Tillægsord
NERVE;ledning for signaler i kroppen (ubestemt ental);Navneord – Krop
NERVEN;ledning for signaler i kroppen (bestemt ental);Navneord – Krop
NERVER;ledning for signaler i kroppen (ubestemt flertal);Navneord – Krop
NERVERNE;ledning for signaler i kroppen (bestemt flertal);Navneord – Krop
NETVÆRK;Forbundne enheder der udveksler data;IT
NETVÆRK;forbundne enheder (ubestemt ental);Navneord – Teknologi
NETVÆRK;forbundne enheder (ubestemt flertal);Navneord – Teknologi
NETVÆRKENE;forbundne enheder (bestemt flertal);Navneord – Teknologi
NETVÆRKET;forbundne enheder (bestemt ental);Navneord – Teknologi
NOTAT;kort nedskrevet oplysning (ubestemt ental);Navneord – Uddannelse
NOTATER;kort nedskrevet oplysning (ubestemt flertal);Navneord – Uddannelse
NOTATERNE;kort nedskrevet oplysning (bestemt flertal);Navneord – Uddannelse
NOTATET;kort nedskrevet oplysning (bestemt ental);Navneord – Uddannelse
NOTESBOG;Bog med blanke sider til notater;Fritid
NOVELLE;kort skønlitterær fortælling (ubestemt ental);Navneord – Medier
NOVELLEN;kort skønlitterær fortælling (bestemt ental);Navneord – Medier
NOVELLER;kort skønlitterær fortælling (ubestemt flertal);Navneord – Medier
NOVELLERNE;kort skønlitterær fortælling (bestemt flertal);Navneord – Medier
NOVEMBER;Måneden før december;Tid og samfund
NU;I dette øjeblik;Biord
NUDEL;lang tynd strimmel af dej (ubestemt ental);Navneord – Mad
NUDLEN;lang tynd strimmel af dej (bestemt ental);Navneord – Mad
NUDLER;lang tynd strimmel af dej (ubestemt flertal);Navneord – Mad
NUDLERNE;lang tynd strimmel af dej (bestemt flertal);Navneord – Mad
NY;ikke gammel (grundform);Tillægsord
NY;som er kommet for nylig (fælleskøn);Tillægsord
NYE;ikke gammel (bestemt form eller flertal);Tillægsord
NYE;som er kommet for nylig (flertal eller bestemt form);Tillægsord
NYERE;ikke gammel (komparativ);Tillægsord
NYERE;som er kommet for nylig (komparativ);Tillægsord
NYEST;ikke gammel (superlativ);Tillægsord
NYEST;som er kommet for nylig (superlativ);Tillægsord
NYRE;organ der renser blodet (ubestemt ental);Navneord – Krop
NYREN;organ der renser blodet (bestemt ental);Navneord – Krop
NYRER;organ der renser blodet (ubestemt flertal);Navneord – Krop
NYRERNE;organ der renser blodet (bestemt flertal);Navneord – Krop
NYT;ikke gammel (intetkøn);Tillægsord
NYT;som er kommet for nylig (intetkøn);Tillægsord
NÆSE;Organ der bruges til at lugte;Menneske
NÆSE;organ man lugter med (ubestemt ental);Navneord
NÆSE;organ til lugtesans (ubestemt ental);Navneord – Krop
NÆSEN;organ man lugter med (bestemt ental);Navneord
NÆSEN;organ til lugtesans (bestemt ental);Navneord – Krop
NÆSER;organ man lugter med (ubestemt flertal);Navneord
NÆSER;organ til lugtesans (ubestemt flertal);Navneord – Krop
NÆSERNE;organ man lugter med (bestemt flertal);Navneord
NÆSERNE;organ til lugtesans (bestemt flertal);Navneord – Krop
NÆSTEN;Meget tæt på men ikke helt;Biord
NÆTTER;den mørke del af døgnet (ubestemt flertal);Navneord
NÆTTER;døgnets mørkeste timer (ubestemt flertal);Navneord – Tid
NÆTTERNE;den mørke del af døgnet (bestemt flertal);Navneord
NÆTTERNE;døgnets mørkeste timer (bestemt flertal);Navneord – Tid
NØD;Hårdskallet spiselig kerne;Mad
NØGLE;Hemmelig eller offentlig værdi i kryptografi;IT
NØGLE;Metalgenstand til en lås;Hjem
NØGLE;genstand eller værdi der giver adgang (ubestemt ental);Navneord – Teknologi
NØGLE;genstand til at åbne en lås (ubestemt ental);Navneord
NØGLEN;genstand eller værdi der giver adgang (bestemt ental);Navneord – Teknologi
NØGLEN;genstand til at åbne en lås (bestemt ental);Navneord
NØGLER;genstand eller værdi der giver adgang (ubestemt flertal);Navneord – Teknologi
NØGLER;genstand til at åbne en lås (ubestemt flertal);Navneord
NØGLERNE;genstand eller værdi der giver adgang (bestemt flertal);Navneord – Teknologi
NØGLERNE;genstand til at åbne en lås (bestemt flertal);Navneord
OBJEKT;genstand eller instans i software (ubestemt ental);Navneord – Teknologi
OBJEKTER;genstand eller instans i software (ubestemt flertal);Navneord – Teknologi
OBJEKTERNE;genstand eller instans i software (bestemt flertal);Navneord – Teknologi
OBJEKTET;genstand eller instans i software (bestemt ental);Navneord – Teknologi
OBJEKTIV;linseanordning på et kamera (ubestemt ental);Navneord – Medier
OBJEKTIVER;linseanordning på et kamera (ubestemt flertal);Navneord – Medier
OBJEKTIVERNE;linseanordning på et kamera (bestemt flertal);Navneord – Medier
OBJEKTIVET;linseanordning på et kamera (bestemt ental);Navneord – Medier
ODDERE;langstrakt svømmende rovdyr (ubestemt flertal);Navneord – Dyr
ODDEREN;langstrakt svømmende rovdyr (bestemt ental);Navneord – Dyr
ODDERNE;langstrakt svømmende rovdyr (bestemt flertal);Navneord – Dyr
OFFENTLIG;som er tilgængelig for alle (grundform);Tillægsord
OFFENTLIGE;som er tilgængelig for alle (bestemt form eller flertal);Tillægsord
OFFENTLIGT;som er tilgængelig for alle (intetkøn);Tillægsord
OFTE;Mange gange;Biord
OG;Binder to ord eller sætninger sammen;Bindeord
OGSÅ;Desuden;Biord
OKTOBER;Årets tiende måned;Tid og samfund
OLIE;Flydende fedtstof til madlavning;Mad
OLIE;flydende fedtstof (ubestemt ental);Navneord – Mad
OLIEN;flydende fedtstof (bestemt ental);Navneord – Mad
OLIER;flydende fedtstof (ubestemt flertal);Navneord – Mad
OLIERNE;flydende fedtstof (bestemt flertal);Navneord – Mad
OLIVEN;lille fedtholdig stenfrugt (ubestemt ental);Navneord – Mad
OLIVEN;lille fedtholdig stenfrugt (ubestemt flertal);Navneord – Mad
OLIVENERNE;lille fedtholdig stenfrugt (bestemt flertal);Navneord – Mad
ONSDAG;Ugedag før torsdag;Tid og samfund
OPDAGE;blive opmærksom på noget (navnemåde);Udsagnsord
OPDAGEDE;blive opmærksom på noget (datid);Udsagnsord
OPDAGER;blive opmærksom på noget (nutid);Udsagnsord
OPDAGET;blive opmærksom på noget (kort tillægsform);Udsagnsord
OPDATERE;bringe ajour (navnemåde);Udsagnsord
OPDATERE;føre til en nyere version (navnemåde);Udsagnsord
OPDATEREDE;bringe ajour (datid);Udsagnsord
OPDATEREDE;føre til en nyere version (datid);Udsagnsord
OPDATERER;bringe ajour (nutid);Udsagnsord
OPDATERER;føre til en nyere version (nutid);Udsagnsord
OPDATERET;bringe ajour (kort tillægsform);Udsagnsord
OPDATERET;føre til en nyere version (førnutids tillægsform);Udsagnsord
OPDATERING;ændring til nyere udgave (ubestemt ental);Navneord – Teknologi
OPDATERINGEN;ændring til nyere udgave (bestemt ental);Navneord – Teknologi
OPDATERINGER;ændring til nyere udgave (ubestemt flertal);Navneord – Teknologi
OPDATERINGERNE;ændring til nyere udgave (bestemt flertal);Navneord – Teknologi
OPGAVE;arbejde der skal løses (ubestemt ental);Navneord – Uddannelse
OPGAVE;arbejde som skal udføres (ubestemt ental);Navneord
OPGAVEN;arbejde der skal løses (bestemt ental);Navneord – Uddannelse
OPGAVEN;arbejde som skal udføres (bestemt ental);Navneord
OPGAVER;arbejde der skal løses (ubestemt flertal);Navneord – Uddannelse
OPGAVER;arbejde som skal udføres (ubestemt flertal);Navneord
OPGAVERNE;arbejde der skal løses (bestemt flertal);Navneord – Uddannelse
OPGAVERNE;arbejde som skal udføres (bestemt flertal);Navneord
OPLADE;tilføre elektrisk energi (navnemåde);Udsagnsord
OPLADEDE;tilføre elektrisk energi (datid);Udsagnsord
OPLADER;tilføre elektrisk energi (nutid);Udsagnsord
OPLADET;tilføre elektrisk energi (kort tillægsform);Udsagnsord
OPLEVE;erfare noget selv (navnemåde);Udsagnsord
OPLEVEDE;erfare noget selv (datid);Udsagnsord
OPLEVER;erfare noget selv (nutid);Udsagnsord
OPLEVET;erfare noget selv (kort tillægsform);Udsagnsord
OPRETTE;etablere noget nyt (navnemåde);Udsagnsord
OPRETTEDE;etablere noget nyt (datid);Udsagnsord
OPRETTER;etablere noget nyt (nutid);Udsagnsord
OPRETTET;etablere noget nyt (kort tillægsform);Udsagnsord
OPSKRIFT;vejledning til madlavning (ubestemt ental);Navneord – Mad
OPSKRIFTEN;vejledning til madlavning (bestemt ental);Navneord – Mad
OPSKRIFTER;vejledning til madlavning (ubestemt flertal);Navneord – Mad
OPSKRIFTERNE;vejledning til madlavning (bestemt flertal);Navneord – Mad
OPVASK;Rengøring af tallerkener og bestik;Hjem
OPVASKEMASKINE;maskine til at vaske service (ubestemt ental);Navneord – Hjem
OPVASKEMASKINEN;maskine til at vaske service (bestemt ental);Navneord – Hjem
OPVASKEMASKINER;maskine til at vaske service (ubestemt flertal);Navneord – Hjem
OPVASKEMASKINERNE;maskine til at vaske service (bestemt flertal);Navneord – Hjem
ORD;Enhed af bogstaver med betydning;Fritid
ORD;sproglig enhed med betydning (ubestemt ental);Navneord
ORD;sproglig enhed med betydning (ubestemt flertal);Navneord
ORDBOG;bog med ord og forklaringer (ubestemt ental);Navneord – Uddannelse
ORDBOGEN;bog med ord og forklaringer (bestemt ental);Navneord – Uddannelse
ORDBØGER;bog med ord og forklaringer (ubestemt flertal);Navneord – Uddannelse
ORDBØGERNE;bog med ord og forklaringer (bestemt flertal);Navneord – Uddannelse
ORDENE;sproglig enhed med betydning (bestemt flertal);Navneord
ORDET;sproglig enhed med betydning (bestemt ental);Navneord
ORGANISERE;skabe orden i noget (navnemåde);Udsagnsord
ORGANISEREDE;skabe orden i noget (datid);Udsagnsord
ORGANISERER;skabe orden i noget (nutid);Udsagnsord
ORGANISERET;skabe orden i noget (kort tillægsform);Udsagnsord
OST;Mejeriprodukt af størknet mælk;Mad
OST;mælkeprodukt lavet med osteløbe (ubestemt ental);Navneord – Mad
OSTE;mælkeprodukt lavet med osteløbe (ubestemt flertal);Navneord – Mad
OSTEN;mælkeprodukt lavet med osteløbe (bestemt ental);Navneord – Mad
OSTENE;mælkeprodukt lavet med osteløbe (bestemt flertal);Navneord – Mad
OTTER;langstrakt svømmende rovdyr (ubestemt ental);Navneord – Dyr
OVER;Højere oppe end;Forholdsord
OVERSKRIFT;tekst der indleder en artikel (ubestemt ental);Navneord – Medier
OVERSKRIFTEN;tekst der indleder en artikel (bestemt ental);Navneord – Medier
OVERSKRIFTER;tekst der indleder en artikel (ubestemt flertal);Navneord – Medier
OVERSKRIFTERNE;tekst der indleder en artikel (bestemt flertal);Navneord – Medier
OVERVÅGE;holde øje med noget (navnemåde);Udsagnsord
OVERVÅGEDE;holde øje med noget (datid);Udsagnsord
OVERVÅGER;holde øje med noget (nutid);Udsagnsord
OVERVÅGET;holde øje med noget (kort tillægsform);Udsagnsord
OVN;Hvidevare der bager og steger;Hjem
OVN;apparat til at bage og stege (ubestemt ental);Navneord
OVN;lukket apparat til opvarmning (ubestemt ental);Navneord – Hjem
OVNE;apparat til at bage og stege (ubestemt flertal);Navneord
OVNE;lukket apparat til opvarmning (ubestemt flertal);Navneord – Hjem
OVNEN;apparat til at bage og stege (bestemt ental);Navneord
OVNEN;lukket apparat til opvarmning (bestemt ental);Navneord – Hjem
OVNENE;apparat til at bage og stege (bestemt flertal);Navneord
OVNENE;lukket apparat til opvarmning (bestemt flertal);Navneord – Hjem
PAKKE;Afgrænset mængde data sendt over et netværk;IT
PAKKE;enhed af data på et netværk (ubestemt ental);Navneord – Teknologi
PAKKE;lægge i emballage (navnemåde);Udsagnsord
PAKKEDE;lægge i emballage (datid);Udsagnsord
PAKKEN;enhed af data på et netværk (bestemt ental);Navneord – Teknologi
PAKKER;enhed af data på et netværk (ubestemt flertal);Navneord – Teknologi
PAKKER;lægge i emballage (nutid);Udsagnsord
PAKKERNE;enhed af data på et netværk (bestemt flertal);Navneord – Teknologi
PAKKET;lægge i emballage (kort tillægsform);Udsagnsord
PANDE;Lavt stegekar;Hjem
PANDE;Område over øjenbrynene;Menneske
PANDE;del af ansigtet over øjnene (ubestemt ental);Navneord – Krop
PANDE;fladt køkkenredskab til stegning (ubestemt ental);Navneord
PANDEKAGE;tynd kage bagt på pande (ubestemt ental);Navneord – Mad
PANDEKAGEN;tynd kage bagt på pande (bestemt ental);Navneord – Mad
PANDEKAGER;tynd kage bagt på pande (ubestemt flertal);Navneord – Mad
PANDEKAGERNE;tynd kage bagt på pande (bestemt flertal);Navneord – Mad
PANDEN;del af ansigtet over øjnene (bestemt ental);Navneord – Krop
PANDEN;fladt køkkenredskab til stegning (bestemt ental);Navneord
PANDER;del af ansigtet over øjnene (ubestemt flertal);Navneord – Krop
PANDER;fladt køkkenredskab til stegning (ubestemt flertal);Navneord
PANDERNE;del af ansigtet over øjnene (bestemt flertal);Navneord – Krop
PANDERNE;fladt køkkenredskab til stegning (bestemt flertal);Navneord
PAPIR;Tyndt materiale man skriver på;Fritid
PARK;Offentligt grønt område;Tid og samfund
PARTI;politisk sammenslutning (ubestemt ental);Navneord – Samfund
PARTIER;politisk sammenslutning (ubestemt flertal);Navneord – Samfund
PARTIERNE;politisk sammenslutning (bestemt flertal);Navneord – Samfund
PARTIET;politisk sammenslutning (bestemt ental);Navneord – Samfund
PAS;Officielt dokument til rejser;Transport
PASSAGER;person der bliver transporteret (ubestemt ental);Navneord – Transport
PASSAGEREN;person der bliver transporteret (bestemt ental);Navneord – Transport
PASSAGERER;person der bliver transporteret (ubestemt flertal);Navneord – Transport
PASSAGERERNE;person der bliver transporteret (bestemt flertal);Navneord – Transport
PASSWORD;Hemmelig tegnfølge til adgang;IT
PASSWORD;hemmelig tegnfølge til login (ubestemt ental);Navneord – Teknologi
PASSWORDENE;hemmelig tegnfølge til login (bestemt flertal);Navneord – Teknologi
PASSWORDET;hemmelig tegnfølge til login (bestemt ental);Navneord – Teknologi
PASSWORDS;hemmelig tegnfølge til login (ubestemt flertal);Navneord – Teknologi
PASTA;Dejvarer som spaghetti og penne;Mad
PASTA;mad af hvededej i forskellige former (ubestemt ental);Navneord – Mad
PASTAEN;mad af hvededej i forskellige former (bestemt ental);Navneord – Mad
PASTAER;mad af hvededej i forskellige former (ubestemt flertal);Navneord – Mad
PASTAERNE;mad af hvededej i forskellige former (bestemt flertal);Navneord – Mad
PAUSE;kort afbrydelse af aktivitet (ubestemt ental);Navneord – Arbejde
PAUSEN;kort afbrydelse af aktivitet (bestemt ental);Navneord – Arbejde
PAUSER;kort afbrydelse af aktivitet (ubestemt flertal);Navneord – Arbejde
PAUSERNE;kort afbrydelse af aktivitet (bestemt flertal);Navneord – Arbejde
PEBER;Stærkt krydderi fra peberplanten;Mad
PEBER;stærkt krydderi (ubestemt ental);Navneord – Mad
PEBERET;stærkt krydderi (bestemt ental);Navneord – Mad
PEBERFRUGT;sprød grøntsag med hul midte (ubestemt ental);Navneord – Mad
PEBERFRUGTEN;sprød grøntsag med hul midte (bestemt ental);Navneord – Mad
PEBERFRUGTER;sprød grøntsag med hul midte (ubestemt flertal);Navneord – Mad
PEBERFRUGTERNE;sprød grøntsag med hul midte (bestemt flertal);Navneord – Mad
PEBRE;stærkt krydderi (ubestemt flertal);Navneord – Mad
PEBRENE;stærkt krydderi (bestemt flertal);Navneord – Mad
PEN;Redskab man skriver med;Fritid
PENGE;Almindeligt betalingsmiddel;Tid og samfund
PENGE;betalingsmiddel (ubestemt ental);Navneord – Samfund
PENGE;betalingsmiddel (ubestemt flertal);Navneord – Samfund
PENGENE;betalingsmiddel (bestemt ental);Navneord – Samfund
PENGENE;betalingsmiddel (bestemt flertal);Navneord – Samfund
PENSEL;redskab til at male med (ubestemt ental);Navneord – Håndværk
PENSLEN;redskab til at male med (bestemt ental);Navneord – Håndværk
PENSLER;redskab til at male med (ubestemt flertal);Navneord – Håndværk
PENSLERNE;redskab til at male med (bestemt flertal);Navneord – Håndværk
PERRON;platform ved togspor (ubestemt ental);Navneord – Transport
PERRONEN;platform ved togspor (bestemt ental);Navneord – Transport
PERRONER;platform ved togspor (ubestemt flertal);Navneord – Transport
PERRONERNE;platform ved togspor (bestemt flertal);Navneord – Transport
PIL;Træ med smalle blade;Natur
PILOT;person der fører et fly (ubestemt ental);Navneord – Transport
PILOTEN;person der fører et fly (bestemt ental);Navneord – Transport
PILOTER;person der fører et fly (ubestemt flertal);Navneord – Transport
PILOTERNE;person der fører et fly (bestemt flertal);Navneord – Transport
PINDSVIN;Lille pattedyr med pigge;Dyr
PINDSVIN;dyr med pigge på ryggen (ubestemt ental);Navneord – Dyr
PINDSVIN;dyr med pigge på ryggen (ubestemt flertal);Navneord – Dyr
PINDSVINENE;dyr med pigge på ryggen (bestemt flertal);Navneord – Dyr
PINDSVINET;dyr med pigge på ryggen (bestemt ental);Navneord – Dyr
PIXEL;Mindste billedpunkt på en skærm;IT
PIZZA;Fladt bagt brød med fyld;Mad
PLADS;Åbent område i en by;Tid og samfund
PLAN;beskrivelse af fremtidige handlinger (ubestemt ental);Navneord
PLAN;beskrivelse af fremtidigt forløb (ubestemt ental);Navneord – Arbejde
PLANEN;beskrivelse af fremtidige handlinger (bestemt ental);Navneord
PLANEN;beskrivelse af fremtidigt forløb (bestemt ental);Navneord – Arbejde
PLANER;beskrivelse af fremtidige handlinger (ubestemt flertal);Navneord
PLANER;beskrivelse af fremtidigt forløb (ubestemt flertal);Navneord – Arbejde
PLANERNE;beskrivelse af fremtidige handlinger (bestemt flertal);Navneord
PLANERNE;beskrivelse af fremtidigt forløb (bestemt flertal);Navneord – Arbejde
PLANET;himmellegeme i kredsløb om stjerne (ubestemt ental);Navneord – Rummet
PLANETEN;himmellegeme i kredsløb om stjerne (bestemt ental);Navneord – Rummet
PLANETER;himmellegeme i kredsløb om stjerne (ubestemt flertal);Navneord – Rummet
PLANETERNE;himmellegeme i kredsløb om stjerne (bestemt flertal);Navneord – Rummet
PLANKE;tykt aflangt stykke træ (ubestemt ental);Navneord – Håndværk
PLANKEN;tykt aflangt stykke træ (bestemt ental);Navneord – Håndværk
PLANKER;tykt aflangt stykke træ (ubestemt flertal);Navneord – Håndværk
PLANKERNE;tykt aflangt stykke træ (bestemt flertal);Navneord – Håndværk
PLANLAGDE;bestemme fremtidigt forløb (datid);Udsagnsord
PLANLAGT;bestemme fremtidigt forløb (kort tillægsform);Udsagnsord
PLANLÆGGE;bestemme fremtidigt forløb (navnemåde);Udsagnsord
PLANLÆGGER;bestemme fremtidigt forløb (nutid);Udsagnsord
PLANTE;levende organisme der ofte laver fotosyntese (ubestemt ental);Navneord
PLANTE;sætte en plante i jorden (navnemåde);Udsagnsord
PLANTE;sætte frø eller planter i jord (navnemåde);Udsagnsord
PLANTEDE;sætte en plante i jorden (datid);Udsagnsord
PLANTEDE;sætte frø eller planter i jord (datid);Udsagnsord
PLANTEN;levende organisme der ofte laver fotosyntese (bestemt ental);Navneord
PLANTER;levende organisme der ofte laver fotosyntese (ubestemt flertal);Navneord
PLANTER;sætte en plante i jorden (nutid);Udsagnsord
PLANTER;sætte frø eller planter i jord (nutid);Udsagnsord
PLANTERNE;levende organisme der ofte laver fotosyntese (bestemt flertal);Navneord
PLANTET;sætte en plante i jorden (førnutids tillægsform);Udsagnsord
PLANTET;sætte frø eller planter i jord (kort tillægsform);Udsagnsord
POKAL;trofæ som kan vindes (ubestemt ental);Navneord – Sport
POKALEN;trofæ som kan vindes (bestemt ental);Navneord – Sport
POKALER;trofæ som kan vindes (ubestemt flertal);Navneord – Sport
POKALERNE;trofæ som kan vindes (bestemt flertal);Navneord – Sport
POLITI;Myndighed der håndhæver loven;Menneske
PORRE;Lang grøntsag med hvide og grønne blade;Mad
PORRE;lang grøn og hvid grøntsag (ubestemt ental);Navneord – Mad
PORREN;lang grøn og hvid grøntsag (bestemt ental);Navneord – Mad
PORRER;lang grøn og hvid grøntsag (ubestemt flertal);Navneord – Mad
PORRERNE;lang grøn og hvid grøntsag (bestemt flertal);Navneord – Mad
PORT;Logisk eller fysisk tilslutningspunkt;IT
PORT;Stor åbning der kan lukkes;Hjem
PORT;adgangspunkt i netværk eller bygning (ubestemt ental);Navneord – Teknologi
PORT;stor åbning med lukkeanordning (ubestemt ental);Navneord – Hjem
PORTE;adgangspunkt i netværk eller bygning (ubestemt flertal);Navneord – Teknologi
PORTE;stor åbning med lukkeanordning (ubestemt flertal);Navneord – Hjem
PORTEN;adgangspunkt i netværk eller bygning (bestemt ental);Navneord – Teknologi
PORTEN;stor åbning med lukkeanordning (bestemt ental);Navneord – Hjem
PORTENE;adgangspunkt i netværk eller bygning (bestemt flertal);Navneord – Teknologi
PORTENE;stor åbning med lukkeanordning (bestemt flertal);Navneord – Hjem
PRAKTISK;som er brugbar i praksis (grundform);Tillægsord
PRAKTISK;som er brugbar i praksis (intetkøn);Tillægsord
PRAKTISKE;som er brugbar i praksis (bestemt form eller flertal);Tillægsord
PRINTER;Enhed der udskriver på papir;IT
PRINTER;maskine der udskriver tekst (ubestemt ental);Navneord – Teknologi
PRINTERE;maskine der udskriver tekst (ubestemt flertal);Navneord – Teknologi
PRINTEREN;maskine der udskriver tekst (bestemt ental);Navneord – Teknologi
PRINTERNE;maskine der udskriver tekst (bestemt flertal);Navneord – Teknologi
PRIS;Beløb man skal betale;Tid og samfund
PRIS;beløb der skal betales (ubestemt ental);Navneord
PRIS;beløb man betaler for noget (ubestemt ental);Navneord – Handel
PRISEN;beløb der skal betales (bestemt ental);Navneord
PRISEN;beløb man betaler for noget (bestemt ental);Navneord – Handel
PRISER;beløb der skal betales (ubestemt flertal);Navneord
PRISER;beløb man betaler for noget (ubestemt flertal);Navneord – Handel
PRISERNE;beløb der skal betales (bestemt flertal);Navneord
PRISERNE;beløb man betaler for noget (bestemt flertal);Navneord – Handel
PRIVAT;som tilhører den enkelte (grundform);Tillægsord
PRIVAT;som tilhører den enkelte (intetkøn);Tillægsord
PRIVATE;som tilhører den enkelte (bestemt form eller flertal);Tillægsord
PROCESSOR;Computerens centrale beregningsenhed;IT
PROCESSOR;enhed der udfører instruktioner (ubestemt ental);Navneord – Teknologi
PROCESSOREN;enhed der udfører instruktioner (bestemt ental);Navneord – Teknologi
PROCESSORER;enhed der udfører instruktioner (ubestemt flertal);Navneord – Teknologi
PROCESSORERNE;enhed der udfører instruktioner (bestemt flertal);Navneord – Teknologi
PRODUKT;fremstillet vare eller ydelse (ubestemt ental);Navneord – Handel
PRODUKTER;fremstillet vare eller ydelse (ubestemt flertal);Navneord – Handel
PRODUKTERNE;fremstillet vare eller ydelse (bestemt flertal);Navneord – Handel
PRODUKTET;fremstillet vare eller ydelse (bestemt ental);Navneord – Handel
PROGRAM;Samling af instruktioner til en computer;IT
PROGRAM;samling af instruktioner (ubestemt ental);Navneord – Teknologi
PROGRAMMER;samling af instruktioner (ubestemt flertal);Navneord – Teknologi
PROGRAMMERE;skrive instruktioner til computer (navnemåde);Udsagnsord
PROGRAMMERE;skrive kode til en computer (navnemåde);Udsagnsord
PROGRAMMEREDE;skrive instruktioner til computer (datid);Udsagnsord
PROGRAMMEREDE;skrive kode til en computer (datid);Udsagnsord
PROGRAMMERER;skrive instruktioner til computer (nutid);Udsagnsord
PROGRAMMERER;skrive kode til en computer (nutid);Udsagnsord
PROGRAMMERET;skrive instruktioner til computer (kort tillægsform);Udsagnsord
PROGRAMMERET;skrive kode til en computer (førnutids tillægsform);Udsagnsord
PROGRAMMERNE;samling af instruktioner (bestemt flertal);Navneord – Teknologi
PROGRAMMET;samling af instruktioner (bestemt ental);Navneord – Teknologi
PROJEKT;planlagt arbejde med et mål (ubestemt ental);Navneord
PROJEKT;tidsafgrænset opgave med mål (ubestemt ental);Navneord – Arbejde
PROJEKTER;planlagt arbejde med et mål (ubestemt flertal);Navneord
PROJEKTER;tidsafgrænset opgave med mål (ubestemt flertal);Navneord – Arbejde
PROJEKTERNE;planlagt arbejde med et mål (bestemt flertal);Navneord
PROJEKTERNE;tidsafgrænset opgave med mål (bestemt flertal);Navneord – Arbejde
PROJEKTET;planlagt arbejde med et mål (bestemt ental);Navneord
PROJEKTET;tidsafgrænset opgave med mål (bestemt ental);Navneord – Arbejde
PROTOKOL;Regler for kommunikation mellem enheder;IT
PROTOKOL;regler for kommunikation (ubestemt ental);Navneord – Teknologi
PROTOKOLLEN;regler for kommunikation (bestemt ental);Navneord – Teknologi
PROTOKOLLER;regler for kommunikation (ubestemt flertal);Navneord – Teknologi
PROTOKOLLERNE;regler for kommunikation (bestemt flertal);Navneord – Teknologi
PRØVE;test af kunnen (ubestemt ental);Navneord – Uddannelse
PRØVEN;test af kunnen (bestemt ental);Navneord – Uddannelse
PRØVER;test af kunnen (ubestemt flertal);Navneord – Uddannelse
PRØVERNE;test af kunnen (bestemt flertal);Navneord – Uddannelse
PUDE;Blødt underlag til hovedet;Hjem
PUDE;blødt underlag for hovedet (ubestemt ental);Navneord
PUDEN;blødt underlag for hovedet (bestemt ental);Navneord
PUDER;blødt underlag for hovedet (ubestemt flertal);Navneord
PUDERNE;blødt underlag for hovedet (bestemt flertal);Navneord
PUDSE;gøre en overflade blank (navnemåde);Udsagnsord
PUDSEDE;gøre en overflade blank (datid);Udsagnsord
PUDSER;gøre en overflade blank (nutid);Udsagnsord
PUDSET;gøre en overflade blank (kort tillægsform);Udsagnsord
PUSLESPIL;Billede samlet af løse brikker;Fritid
PÆN;med tiltalende udseende (fælleskøn);Tillægsord
PÆNE;med tiltalende udseende (flertal eller bestemt form);Tillægsord
PÆNERE;med tiltalende udseende (komparativ);Tillægsord
PÆNEST;med tiltalende udseende (superlativ);Tillægsord
PÆNT;med tiltalende udseende (intetkøn);Tillægsord
PÆRE;Frugt med bred bund og smal top;Mad
PÆRE;frugt eller lyskilde (ubestemt ental);Navneord – Hjem
PÆRE;frugt med bred bund (ubestemt ental);Navneord
PÆRE;frugt med bred bund og smal top (ubestemt ental);Navneord – Mad
PÆREN;frugt eller lyskilde (bestemt ental);Navneord – Hjem
PÆREN;frugt med bred bund (bestemt ental);Navneord
PÆREN;frugt med bred bund og smal top (bestemt ental);Navneord – Mad
PÆRER;frugt eller lyskilde (ubestemt flertal);Navneord – Hjem
PÆRER;frugt med bred bund (ubestemt flertal);Navneord
PÆRER;frugt med bred bund og smal top (ubestemt flertal);Navneord – Mad
PÆRERNE;frugt eller lyskilde (bestemt flertal);Navneord – Hjem
PÆRERNE;frugt med bred bund (bestemt flertal);Navneord
PÆRERNE;frugt med bred bund og smal top (bestemt flertal);Navneord – Mad
PØLSE;Kødmasse i et hylster;Mad
RABAT;nedslag i pris (ubestemt ental);Navneord – Handel
RABATTEN;nedslag i pris (bestemt ental);Navneord – Handel
RABATTER;nedslag i pris (ubestemt flertal);Navneord – Handel
RABATTERNE;nedslag i pris (bestemt flertal);Navneord – Handel
RADIATOR;Indretning der varmer et rum;Hjem
RAKET;fartøj der drives af raketmotor (ubestemt ental);Navneord – Rummet
RAKETTEN;fartøj der drives af raketmotor (bestemt ental);Navneord – Rummet
RAKETTER;fartøj der drives af raketmotor (ubestemt flertal);Navneord – Rummet
RAKETTERNE;fartøj der drives af raketmotor (bestemt flertal);Navneord – Rummet
RAT;Styrehjul i en bil;Transport
RAT;hjul til at styre bil med (ubestemt ental);Navneord – Transport
RAT;hjul til at styre bil med (ubestemt flertal);Navneord – Transport
RATTENE;hjul til at styre bil med (bestemt flertal);Navneord – Transport
RATTET;hjul til at styre bil med (bestemt ental);Navneord – Transport
RAVN;Meget stor sort kragefugl;Dyr
REDAKTION;gruppe der redigerer en udgivelse (ubestemt ental);Navneord – Medier
REDAKTIONEN;gruppe der redigerer en udgivelse (bestemt ental);Navneord – Medier
REDAKTIONER;gruppe der redigerer en udgivelse (ubestemt flertal);Navneord – Medier
REDAKTIONERNE;gruppe der redigerer en udgivelse (bestemt flertal);Navneord – Medier
REDDE;bringe nogen ud af fare (navnemåde);Udsagnsord
REDDEDE;bringe nogen ud af fare (datid);Udsagnsord
REDDER;bringe nogen ud af fare (nutid);Udsagnsord
REDDET;bringe nogen ud af fare (kort tillægsform);Udsagnsord
REDIGERE;ændre indhold (navnemåde);Udsagnsord
REDIGEREDE;ændre indhold (datid);Udsagnsord
REDIGERER;ændre indhold (nutid);Udsagnsord
REDIGERET;ændre indhold (kort tillægsform);Udsagnsord
REGEL;bestemmelse der skal følges (ubestemt ental);Navneord – Samfund
REGERING;Landets øverste udøvende ledelse;Tid og samfund
REGERING;landets udøvende politiske ledelse (ubestemt ental);Navneord – Samfund
REGERINGEN;landets udøvende politiske ledelse (bestemt ental);Navneord – Samfund
REGERINGER;landets udøvende politiske ledelse (ubestemt flertal);Navneord – Samfund
REGERINGERNE;landets udøvende politiske ledelse (bestemt flertal);Navneord – Samfund
REGION;Større geografisk eller administrativt område;Tid og samfund
REGION;større administrativt område (ubestemt ental);Navneord – Samfund
REGIONEN;større administrativt område (bestemt ental);Navneord – Samfund
REGIONER;større administrativt område (ubestemt flertal);Navneord – Samfund
REGIONERNE;større administrativt område (bestemt flertal);Navneord – Samfund
REGISTER;ordnet samling af oplysninger (ubestemt ental);Navneord – Teknologi
REGISTERET;ordnet samling af oplysninger (bestemt ental);Navneord – Teknologi
REGISTRE;ordnet samling af oplysninger (ubestemt flertal);Navneord – Teknologi
REGISTRENE;ordnet samling af oplysninger (bestemt flertal);Navneord – Teknologi
REGISTRERE;notere oplysninger (navnemåde);Udsagnsord
REGISTREREDE;notere oplysninger (datid);Udsagnsord
REGISTRERER;notere oplysninger (nutid);Udsagnsord
REGISTRERET;notere oplysninger (kort tillægsform);Udsagnsord
REGLEN;bestemmelse der skal følges (bestemt ental);Navneord – Samfund
REGLER;bestemmelse der skal følges (ubestemt flertal);Navneord – Samfund
REGLERNE;bestemmelse der skal følges (bestemt flertal);Navneord – Samfund
REGN;Nedbør i form af vanddråber;Natur
REGN;nedbør i flydende form (ubestemt ental);Navneord
REGN;nedbør i flydende form (ubestemt flertal);Navneord
REGNBUE;Farvet bue efter regn og sol;Natur
REGNE;falde ned som regn (navnemåde);Udsagnsord
REGNE;falde som regn (navnemåde);Udsagnsord
REGNEDE;falde ned som regn (datid);Udsagnsord
REGNEDE;falde som regn (datid);Udsagnsord
REGNEN;nedbør i flydende form (bestemt ental);Navneord
REGNENE;nedbør i flydende form (bestemt flertal);Navneord
REGNER;falde ned som regn (nutid);Udsagnsord
REGNER;falde som regn (nutid);Udsagnsord
REGNET;falde ned som regn (førnutids tillægsform);Udsagnsord
REGNET;falde som regn (kort tillægsform);Udsagnsord
REGNING;krav om betaling (ubestemt ental);Navneord – Handel
REGNINGEN;krav om betaling (bestemt ental);Navneord – Handel
REGNINGER;krav om betaling (ubestemt flertal);Navneord – Handel
REGNINGERNE;krav om betaling (bestemt flertal);Navneord – Handel
REGNORM;Langt jordlevende ringdyr;Dyr
REGNSKOV;fugtig tropisk skov (ubestemt ental);Navneord – Geografi
REGNSKOVE;fugtig tropisk skov (ubestemt flertal);Navneord – Geografi
REGNSKOVEN;fugtig tropisk skov (bestemt ental);Navneord – Geografi
REGNSKOVENE;fugtig tropisk skov (bestemt flertal);Navneord – Geografi
REJE;Lille krebsdyr med buet krop;Dyr
REJSE;Tur til et andet sted;Fritid
REJSE;tage fra et sted til et andet (navnemåde);Udsagnsord
REJSE;tur væk fra hjemmet (ubestemt ental);Navneord – Transport
REJSEN;tur væk fra hjemmet (bestemt ental);Navneord – Transport
REJSER;tage fra et sted til et andet (nutid);Udsagnsord
REJSER;tur væk fra hjemmet (ubestemt flertal);Navneord – Transport
REJSERNE;tur væk fra hjemmet (bestemt flertal);Navneord – Transport
REJST;tage fra et sted til et andet (førnutids tillægsform);Udsagnsord
REJSTE;tage fra et sted til et andet (datid);Udsagnsord
REKORD;bedste noterede præstation (ubestemt ental);Navneord – Sport
REKORDEN;bedste noterede præstation (bestemt ental);Navneord – Sport
REKORDER;bedste noterede præstation (ubestemt flertal);Navneord – Sport
REKORDERNE;bedste noterede præstation (bestemt flertal);Navneord – Sport
REN;uden snavs (fælleskøn);Tillægsord
REN;uden snavs (grundform);Tillægsord
RENE;uden snavs (bestemt form eller flertal);Tillægsord
RENE;uden snavs (flertal eller bestemt form);Tillægsord
RENERE;uden snavs (komparativ);Tillægsord
RENEST;uden snavs (superlativ);Tillægsord
RENSE;fjerne snavs (navnemåde);Udsagnsord
RENSEDE;fjerne snavs (datid);Udsagnsord
RENSER;fjerne snavs (nutid);Udsagnsord
RENSET;fjerne snavs (førnutids tillægsform);Udsagnsord
RENSET;fjerne snavs (kort tillægsform);Udsagnsord
RENT;uden snavs (intetkøn);Tillægsord
REOL;Møbel med flere hylder;Hjem
REOL;møbel med hylder (ubestemt ental);Navneord – Hjem
REOLEN;møbel med hylder (bestemt ental);Navneord – Hjem
REOLER;møbel med hylder (ubestemt flertal);Navneord – Hjem
REOLERNE;møbel med hylder (bestemt flertal);Navneord – Hjem
REPARERE;gøre ødelagt ting brugbar igen (navnemåde);Udsagnsord
REPARERE;udbedre noget der er gået i stykker (navnemåde);Udsagnsord
REPAREREDE;gøre ødelagt ting brugbar igen (datid);Udsagnsord
REPAREREDE;udbedre noget der er gået i stykker (datid);Udsagnsord
REPARERER;gøre ødelagt ting brugbar igen (nutid);Udsagnsord
REPARERER;udbedre noget der er gået i stykker (nutid);Udsagnsord
REPARERET;gøre ødelagt ting brugbar igen (kort tillægsform);Udsagnsord
REPARERET;udbedre noget der er gået i stykker (førnutids tillægsform);Udsagnsord
RESULTAT;det der kommer ud af en handling (ubestemt ental);Navneord – Arbejde
RESULTATER;det der kommer ud af en handling (ubestemt flertal);Navneord – Arbejde
RESULTATERNE;det der kommer ud af en handling (bestemt flertal);Navneord – Arbejde
RESULTATET;det der kommer ud af en handling (bestemt ental);Navneord – Arbejde
RET;madret eller lovmæssig beføjelse (ubestemt ental);Navneord – Mad
RETNING;den vej noget peger (ubestemt ental);Navneord – Samfund
RETNINGEN;den vej noget peger (bestemt ental);Navneord – Samfund
RETNINGER;den vej noget peger (ubestemt flertal);Navneord – Samfund
RETNINGERNE;den vej noget peger (bestemt flertal);Navneord – Samfund
RETTEN;madret eller lovmæssig beføjelse (bestemt ental);Navneord – Mad
RETTER;madret eller lovmæssig beføjelse (ubestemt flertal);Navneord – Mad
RETTERNE;madret eller lovmæssig beføjelse (bestemt flertal);Navneord – Mad
RIG;med mange penge (grundform);Tillægsord
RIG;med mange penge eller ressourcer (fælleskøn);Tillægsord
RIGE;med mange penge (bestemt form eller flertal);Tillægsord
RIGE;med mange penge eller ressourcer (flertal eller bestemt form);Tillægsord
RIGERE;med mange penge (komparativ);Tillægsord
RIGERE;med mange penge eller ressourcer (komparativ);Tillægsord
RIGEST;med mange penge (superlativ);Tillægsord
RIGEST;med mange penge eller ressourcer (superlativ);Tillægsord
RIGT;med mange penge (intetkøn);Tillægsord
RIGT;med mange penge eller ressourcer (intetkøn);Tillægsord
RIGTIG;som stemmer med det korrekte (fælleskøn);Tillægsord
RIGTIGE;som stemmer med det korrekte (flertal eller bestemt form);Tillægsord
RIGTIGERE;som stemmer med det korrekte (komparativ);Tillægsord
RIGTIGST;som stemmer med det korrekte (superlativ);Tillægsord
RIGTIGT;som stemmer med det korrekte (intetkøn);Tillægsord
RIM;Hvid belægning af iskrystaller;Natur
RINGE;foretage et telefonopkald (navnemåde);Udsagnsord
RINGEDE;foretage et telefonopkald (datid);Udsagnsord
RINGER;foretage et telefonopkald (nutid);Udsagnsord
RINGET;foretage et telefonopkald (førnutids tillægsform);Udsagnsord
RIS;Små hvide korn til kogning;Mad
RIS;små korn der koges som tilbehør (ubestemt ental);Navneord – Mad
RIS;små korn der koges som tilbehør (ubestemt flertal);Navneord – Mad
RISEN;små korn der koges som tilbehør (bestemt ental);Navneord – Mad
RISENE;små korn der koges som tilbehør (bestemt flertal);Navneord – Mad
RISICI;mulighed for uønsket hændelse (ubestemt flertal);Navneord – Teknologi
RISICIENE;mulighed for uønsket hændelse (bestemt flertal);Navneord – Teknologi
RISIKO;mulighed for uønsket hændelse (ubestemt ental);Navneord – Teknologi
RISIKOEN;mulighed for uønsket hændelse (bestemt ental);Navneord – Teknologi
RO;Tilstand uden uro;Menneske
ROBOT;Maskine der kan udføre opgaver automatisk;IT
ROD;Del af planten der optager vand;Natur
ROD;plantedel der optager vand fra jorden (ubestemt ental);Navneord
ROD;plantedel under jorden (ubestemt ental);Navneord – Natur
RODEN;plantedel der optager vand fra jorden (bestemt ental);Navneord
RODEN;plantedel under jorden (bestemt ental);Navneord – Natur
ROLIG;uden uro (fælleskøn);Tillægsord
ROLIG;uden uro (grundform);Tillægsord
ROLIGE;uden uro (bestemt form eller flertal);Tillægsord
ROLIGE;uden uro (flertal eller bestemt form);Tillægsord
ROLIGERE;uden uro (komparativ);Tillægsord
ROLIGST;uden uro (superlativ);Tillægsord
ROLIGT;Uden hast;Biord
ROLIGT;uden uro (intetkøn);Tillægsord
ROMAN;Længere opdigtet prosafortælling;Fritid
ROMAN;længere opdigtet fortælling (ubestemt ental);Navneord – Medier
ROMANEN;længere opdigtet fortælling (bestemt ental);Navneord – Medier
ROMANER;længere opdigtet fortælling (ubestemt flertal);Navneord – Medier
ROMANERNE;længere opdigtet fortælling (bestemt flertal);Navneord – Medier
ROSE;Blomst med ofte tornet stængel;Natur
ROTTE;Gnaver større end en mus;Dyr
ROTTE;gnaver med lang hale (ubestemt ental);Navneord
ROTTE;stor gnaver med lang hale (ubestemt ental);Navneord – Dyr
ROTTEN;gnaver med lang hale (bestemt ental);Navneord
ROTTEN;stor gnaver med lang hale (bestemt ental);Navneord – Dyr
ROTTER;gnaver med lang hale (ubestemt flertal);Navneord
ROTTER;stor gnaver med lang hale (ubestemt flertal);Navneord – Dyr
ROTTERNE;gnaver med lang hale (bestemt flertal);Navneord
ROTTERNE;stor gnaver med lang hale (bestemt flertal);Navneord – Dyr
ROUTER;Enhed der videresender trafik mellem netværk;IT
ROUTER;enhed der sender data mellem netværk (ubestemt ental);Navneord – Teknologi
ROUTER;udstyr der videresender datapakker (ubestemt ental);Navneord
ROUTERE;enhed der sender data mellem netværk (ubestemt flertal);Navneord – Teknologi
ROUTERE;udstyr der videresender datapakker (ubestemt flertal);Navneord
ROUTEREN;enhed der sender data mellem netværk (bestemt ental);Navneord – Teknologi
ROUTEREN;udstyr der videresender datapakker (bestemt ental);Navneord
ROUTERNE;enhed der sender data mellem netværk (bestemt flertal);Navneord – Teknologi
ROUTERNE;udstyr der videresender datapakker (bestemt flertal);Navneord
RUGBRØD;Mørkt brød af rugmel;Mad
RUMFARTØJ;fartøj som rejser uden for atmosfæren (ubestemt ental);Navneord – Rummet
RUMFARTØJER;fartøj som rejser uden for atmosfæren (ubestemt flertal);Navneord – Rummet
RUMFARTØJERNE;fartøj som rejser uden for atmosfæren (bestemt flertal);Navneord – Rummet
RUMFARTØJET;fartøj som rejser uden for atmosfæren (bestemt ental);Navneord – Rummet
RUMSTATION;bemandet anlæg i kredsløb (ubestemt ental);Navneord – Rummet
RUMSTATIONEN;bemandet anlæg i kredsløb (bestemt ental);Navneord – Rummet
RUMSTATIONER;bemandet anlæg i kredsløb (ubestemt flertal);Navneord – Rummet
RUMSTATIONERNE;bemandet anlæg i kredsløb (bestemt flertal);Navneord – Rummet
RUNDKØRSEL;Cirkelformet vejkryds;Transport
RUNDKØRSEL;cirkelformet vejkryds (ubestemt ental);Navneord – Transport
RUNDKØRSLEN;cirkelformet vejkryds (bestemt ental);Navneord – Transport
RUNDKØRSLER;cirkelformet vejkryds (ubestemt flertal);Navneord – Transport
RUNDKØRSLERNE;cirkelformet vejkryds (bestemt flertal);Navneord – Transport
RUTE;Planlagt vej fra et sted til et andet;Transport
RYDDE;skabe orden ved at fjerne ting (navnemåde);Udsagnsord
RYDDEDE;skabe orden ved at fjerne ting (datid);Udsagnsord
RYDDER;skabe orden ved at fjerne ting (nutid);Udsagnsord
RYDDET;skabe orden ved at fjerne ting (førnutids tillægsform);Udsagnsord
RYG;Bagsiden af overkroppen;Menneske
RYG;bagsiden af kroppens overdel (ubestemt ental);Navneord – Krop
RYGGE;bagsiden af kroppens overdel (ubestemt flertal);Navneord – Krop
RYGGEN;bagsiden af kroppens overdel (bestemt ental);Navneord – Krop
RYGGENE;bagsiden af kroppens overdel (bestemt flertal);Navneord – Krop
RYGSÆK;Taske båret på ryggen;Transport
RYGSÆK;taske der bæres på ryggen (ubestemt ental);Navneord – Hverdag
RYGSÆKKE;taske der bæres på ryggen (ubestemt flertal);Navneord – Hverdag
RYGSÆKKEN;taske der bæres på ryggen (bestemt ental);Navneord – Hverdag
RYGSÆKKENE;taske der bæres på ryggen (bestemt flertal);Navneord – Hverdag
RYTME;Gentaget mønster af slag eller toner;Fritid
RÅDHUS;Bygning for kommunens administration;Tid og samfund
RÅDYR;Lille hjorteart i Danmark;Dyr
RÅDYR;lille dansk hjorteart (ubestemt ental);Navneord – Dyr
RÅDYR;lille dansk hjorteart (ubestemt flertal);Navneord – Dyr
RÅDYRENE;lille dansk hjorteart (bestemt flertal);Navneord – Dyr
RÅDYRET;lille dansk hjorteart (bestemt ental);Navneord – Dyr
RÆV;Rovdyr med rødlig pels;Dyr
RÆV;rødbrunt rovdyr (ubestemt ental);Navneord – Dyr
RÆV;rødt rovdyr med busket hale (ubestemt ental);Navneord
RÆVE;rødbrunt rovdyr (ubestemt flertal);Navneord – Dyr
RÆVE;rødt rovdyr med busket hale (ubestemt flertal);Navneord
RÆVEN;rødbrunt rovdyr (bestemt ental);Navneord – Dyr
RÆVEN;rødt rovdyr med busket hale (bestemt ental);Navneord
RÆVENE;rødbrunt rovdyr (bestemt flertal);Navneord – Dyr
RÆVENE;rødt rovdyr med busket hale (bestemt flertal);Navneord
RØD;med farve som blod (grundform);Tillægsord
RØDDER;plantedel der optager vand fra jorden (ubestemt flertal);Navneord
RØDDER;plantedel under jorden (ubestemt flertal);Navneord – Natur
RØDDERNE;plantedel der optager vand fra jorden (bestemt flertal);Navneord
RØDDERNE;plantedel under jorden (bestemt flertal);Navneord – Natur
RØDE;med farve som blod (bestemt form eller flertal);Tillægsord
RØDERE;med farve som blod (komparativ);Tillægsord
RØDEST;med farve som blod (superlativ);Tillægsord
RØDHALS;lille fugl med rødligt bryst (ubestemt ental);Navneord – Dyr
RØDHALSE;lille fugl med rødligt bryst (ubestemt flertal);Navneord – Dyr
RØDHALSEN;lille fugl med rødligt bryst (bestemt ental);Navneord – Dyr
RØDHALSENE;lille fugl med rødligt bryst (bestemt flertal);Navneord – Dyr
RØDT;med farve som blod (intetkøn);Tillægsord
RØRE;bevæge eller berøre (navnemåde);Udsagnsord
RØRER;bevæge eller berøre (nutid);Udsagnsord
RØRT;bevæge eller berøre (kort tillægsform);Udsagnsord
RØRTE;bevæge eller berøre (datid);Udsagnsord
SAD;hvile på bagdelen (datid);Udsagnsord
SAFT;Sød drik af frugt eller bær;Mad
SAFT;væske presset ud af frugt (ubestemt ental);Navneord – Mad
SAFTEN;væske presset ud af frugt (bestemt ental);Navneord – Mad
SAFTER;væske presset ud af frugt (ubestemt flertal);Navneord – Mad
SAFTERNE;væske presset ud af frugt (bestemt flertal);Navneord – Mad
SAGDE;udtale noget (datid);Udsagnsord
SAGT;udtale noget (førnutids tillægsform);Udsagnsord
SAKS;redskab til at klippe med (ubestemt ental);Navneord – Håndværk
SAKSE;redskab til at klippe med (ubestemt flertal);Navneord – Håndværk
SAKSEN;redskab til at klippe med (bestemt ental);Navneord – Håndværk
SAKSENE;redskab til at klippe med (bestemt flertal);Navneord – Håndværk
SALAT;Grønne blade til kolde retter;Mad
SALAT;ret af blandede grøntsager (ubestemt ental);Navneord – Mad
SALATEN;ret af blandede grøntsager (bestemt ental);Navneord – Mad
SALATER;ret af blandede grøntsager (ubestemt flertal);Navneord – Mad
SALATERNE;ret af blandede grøntsager (bestemt flertal);Navneord – Mad
SALT;Hvidt krydderi med salt smag;Mad
SALT;med smag af salt (fælleskøn);Tillægsord
SALT;med smag af salt (intetkøn);Tillægsord
SALT;med tydelig saltsmag (grundform);Tillægsord
SALT;med tydelig saltsmag (intetkøn);Tillægsord
SALT;mineral der giver salt smag (ubestemt ental);Navneord – Mad
SALTE;med smag af salt (flertal eller bestemt form);Tillægsord
SALTE;med tydelig saltsmag (bestemt form eller flertal);Tillægsord
SALTE;mineral der giver salt smag (ubestemt flertal);Navneord – Mad
SALTENE;mineral der giver salt smag (bestemt flertal);Navneord – Mad
SALTERE;med smag af salt (komparativ);Tillægsord
SALTERE;med tydelig saltsmag (komparativ);Tillægsord
SALTEST;med smag af salt (superlativ);Tillægsord
SALTEST;med tydelig saltsmag (superlativ);Tillægsord
SALTET;mineral der giver salt smag (bestemt ental);Navneord – Mad
SAMLE;bringe dele sammen (navnemåde);Udsagnsord
SAMLEDE;bringe dele sammen (datid);Udsagnsord
SAMLER;bringe dele sammen (nutid);Udsagnsord
SAMLET;bringe dele sammen (kort tillægsform);Udsagnsord
SAMTALE;udveksling af ord mellem personer (ubestemt ental);Navneord – Arbejde
SAMTALEN;udveksling af ord mellem personer (bestemt ental);Navneord – Arbejde
SAMTALER;udveksling af ord mellem personer (ubestemt flertal);Navneord – Arbejde
SAMTALERNE;udveksling af ord mellem personer (bestemt flertal);Navneord – Arbejde
SAND;Små korn af nedbrudt sten;Natur
SANG;Musik fremført med stemmen;Fritid
SANG;frembringe toner med stemmen (datid);Udsagnsord
SANG;fremføre toner med stemmen (datid);Udsagnsord
SANG;musik med ord (ubestemt ental);Navneord
SANGE;musik med ord (ubestemt flertal);Navneord
SANGEN;musik med ord (bestemt ental);Navneord
SANGENE;musik med ord (bestemt flertal);Navneord
SANK;bevæge sig nedad i væske (datid);Udsagnsord
SATELLIT;legeme i kredsløb om andet legeme (ubestemt ental);Navneord – Rummet
SATELLITTEN;legeme i kredsløb om andet legeme (bestemt ental);Navneord – Rummet
SATELLITTER;legeme i kredsløb om andet legeme (ubestemt flertal);Navneord – Rummet
SATELLITTERNE;legeme i kredsløb om andet legeme (bestemt flertal);Navneord – Rummet
SAV;redskab til at skære i træ (ubestemt ental);Navneord – Håndværk
SAVE;redskab til at skære i træ (ubestemt flertal);Navneord – Håndværk
SAVE;skære med sav (navnemåde);Udsagnsord
SAVEDE;skære med sav (datid);Udsagnsord
SAVEN;redskab til at skære i træ (bestemt ental);Navneord – Håndværk
SAVENE;redskab til at skære i træ (bestemt flertal);Navneord – Håndværk
SAVER;skære med sav (nutid);Udsagnsord
SAVET;skære med sav (kort tillægsform);Udsagnsord
SAVNE;føle fravær af nogen (navnemåde);Udsagnsord
SAVNEDE;føle fravær af nogen (datid);Udsagnsord
SAVNER;føle fravær af nogen (nutid);Udsagnsord
SAVNET;føle fravær af nogen (kort tillægsform);Udsagnsord
SCANNER;Enhed der digitaliserer dokumenter;IT
SCANNER;enhed til digital indlæsning (ubestemt ental);Navneord – Teknologi
SCANNERE;enhed til digital indlæsning (ubestemt flertal);Navneord – Teknologi
SCANNEREN;enhed til digital indlæsning (bestemt ental);Navneord – Teknologi
SCANNERNE;enhed til digital indlæsning (bestemt flertal);Navneord – Teknologi
SCOOTER;lille motorkøretøj (ubestemt ental);Navneord – Transport
SCOOTERE;lille motorkøretøj (ubestemt flertal);Navneord – Transport
SCOOTEREN;lille motorkøretøj (bestemt ental);Navneord – Transport
SCOOTERNE;lille motorkøretøj (bestemt flertal);Navneord – Transport
SE;opfatte med øjnene (navnemåde);Udsagnsord
SEDDEL;Papirpenge med pålydende værdi;Tid og samfund
SEDDEL;papir til penge eller notater (ubestemt ental);Navneord – Samfund
SEDDEL;stykke papir med trykt tekst eller værdi (ubestemt ental);Navneord
SEDLEN;papir til penge eller notater (bestemt ental);Navneord – Samfund
SEDLEN;stykke papir med trykt tekst eller værdi (bestemt ental);Navneord
SEDLER;papir til penge eller notater (ubestemt flertal);Navneord – Samfund
SEDLER;stykke papir med trykt tekst eller værdi (ubestemt flertal);Navneord
SEDLERNE;papir til penge eller notater (bestemt flertal);Navneord – Samfund
SEDLERNE;stykke papir med trykt tekst eller værdi (bestemt flertal);Navneord
SEJLADS;Færdsel på vand med fartøj;Fritid
SEJLBÅD;Båd der drives frem af sejl;Transport
SEJLE;bevæge sig med båd (navnemåde);Udsagnsord
SEJLE;bevæge sig på vand i et fartøj (navnemåde);Udsagnsord
SEJLEDE;bevæge sig med båd (datid);Udsagnsord
SEJLEDE;bevæge sig på vand i et fartøj (datid);Udsagnsord
SEJLER;bevæge sig med båd (nutid);Udsagnsord
SEJLER;bevæge sig på vand i et fartøj (nutid);Udsagnsord
SEJLET;bevæge sig med båd (kort tillægsform);Udsagnsord
SEJLET;bevæge sig på vand i et fartøj (førnutids tillægsform);Udsagnsord
SEJR;det at vinde (ubestemt ental);Navneord
SEJRE;det at vinde (ubestemt flertal);Navneord
SEJREN;det at vinde (bestemt ental);Navneord
SEJRENE;det at vinde (bestemt flertal);Navneord
SEKUND;Kort tidsenhed;Tid og samfund
SEKUND;kort tidsenhed (ubestemt ental);Navneord
SEKUND;lille tidsenhed (ubestemt ental);Navneord – Tid
SEKUNDER;kort tidsenhed (ubestemt flertal);Navneord
SEKUNDER;lille tidsenhed (ubestemt flertal);Navneord – Tid
SEKUNDERNE;kort tidsenhed (bestemt flertal);Navneord
SEKUNDERNE;lille tidsenhed (bestemt flertal);Navneord – Tid
SEKUNDET;kort tidsenhed (bestemt ental);Navneord
SEKUNDET;lille tidsenhed (bestemt ental);Navneord – Tid
SEMINAR;fagligt møde med oplæg (ubestemt ental);Navneord – Uddannelse
SEMINARER;fagligt møde med oplæg (ubestemt flertal);Navneord – Uddannelse
SEMINARERNE;fagligt møde med oplæg (bestemt flertal);Navneord – Uddannelse
SEMINARET;fagligt møde med oplæg (bestemt ental);Navneord – Uddannelse
SENDE;lade noget blive bragt videre (navnemåde);Udsagnsord
SENDE;overføre eller afsende noget (navnemåde);Udsagnsord
SENDER;lade noget blive bragt videre (nutid);Udsagnsord
SENDER;overføre eller afsende noget (nutid);Udsagnsord
SENDT;lade noget blive bragt videre (kort tillægsform);Udsagnsord
SENDT;overføre eller afsende noget (førnutids tillægsform);Udsagnsord
SENDTE;lade noget blive bragt videre (datid);Udsagnsord
SENDTE;overføre eller afsende noget (datid);Udsagnsord
SENE;væv der fæster muskel til knogle (ubestemt ental);Navneord – Krop
SENEN;væv der fæster muskel til knogle (bestemt ental);Navneord – Krop
SENER;væv der fæster muskel til knogle (ubestemt flertal);Navneord – Krop
SENERE;På et tidspunkt efter nu;Biord
SENERNE;væv der fæster muskel til knogle (bestemt flertal);Navneord – Krop
SENG;Møbel man sover i;Hjem
SENG;møbel til at sove i (ubestemt ental);Navneord
SENGE;møbel til at sove i (ubestemt flertal);Navneord
SENGEN;møbel til at sove i (bestemt ental);Navneord
SENGENE;møbel til at sove i (bestemt flertal);Navneord
SENSOR;Enhed der måler en fysisk størrelse;IT
SENSOR;komponent der måler en påvirkning (ubestemt ental);Navneord – Teknologi
SENSOREN;komponent der måler en påvirkning (bestemt ental);Navneord – Teknologi
SENSORER;komponent der måler en påvirkning (ubestemt flertal);Navneord – Teknologi
SENSORERNE;komponent der måler en påvirkning (bestemt flertal);Navneord – Teknologi
SEPTEMBER;Årets niende måned;Tid og samfund
SER;opfatte med øjnene (nutid);Udsagnsord
SERVER;Computer der leverer tjenester til andre;IT
SERVER;computer der leverer tjenester (ubestemt ental);Navneord
SERVERE;computer der leverer tjenester (ubestemt flertal);Navneord
SERVEREN;computer der leverer tjenester (bestemt ental);Navneord
SERVERNE;computer der leverer tjenester (bestemt flertal);Navneord
SERVIET;papir eller stof til aftørring (ubestemt ental);Navneord – Hverdag
SERVIETTEN;papir eller stof til aftørring (bestemt ental);Navneord – Hverdag
SERVIETTER;papir eller stof til aftørring (ubestemt flertal);Navneord – Hverdag
SERVIETTERNE;papir eller stof til aftørring (bestemt flertal);Navneord – Hverdag
SET;opfatte med øjnene (førnutids tillægsform);Udsagnsord
SET;opfatte med øjnene (kort tillægsform);Udsagnsord
SIDDE;hvile på bagdelen (navnemåde);Udsagnsord
SIDDER;hvile på bagdelen (nutid);Udsagnsord
SIDDET;hvile på bagdelen (førnutids tillægsform);Udsagnsord
SIDE;Et blad eller en flade i en bog;Fritid
SIDE;del af blad eller bog (ubestemt ental);Navneord – Medier
SIDE;webside eller blad i en bog (ubestemt ental);Navneord – Teknologi
SIDEN;del af blad eller bog (bestemt ental);Navneord – Medier
SIDEN;webside eller blad i en bog (bestemt ental);Navneord – Teknologi
SIDER;del af blad eller bog (ubestemt flertal);Navneord – Medier
SIDER;webside eller blad i en bog (ubestemt flertal);Navneord – Teknologi
SIDERNE;del af blad eller bog (bestemt flertal);Navneord – Medier
SIDERNE;webside eller blad i en bog (bestemt flertal);Navneord – Teknologi
SIGE;udtale noget (navnemåde);Udsagnsord
SIGER;udtale noget (nutid);Udsagnsord
SIGNAL;Information overført fysisk eller digitalt;IT
SIKKER;beskyttet mod fare (fælleskøn);Tillægsord
SIKKER;uden stor fare (grundform);Tillægsord
SIKKERHED;tilstand uden unødig fare (ubestemt ental);Navneord – Teknologi
SIKKERHEDEN;tilstand uden unødig fare (bestemt ental);Navneord – Teknologi
SIKKERHEDER;tilstand uden unødig fare (ubestemt flertal);Navneord – Teknologi
SIKKERHEDERNE;tilstand uden unødig fare (bestemt flertal);Navneord – Teknologi
SIKKERT;beskyttet mod fare (intetkøn);Tillægsord
SIKKERT;uden stor fare (intetkøn);Tillægsord
SIKRE;beskyttet mod fare (flertal eller bestemt form);Tillægsord
SIKRE;gøre trygt eller sikkert (navnemåde);Udsagnsord
SIKRE;uden stor fare (bestemt form eller flertal);Tillægsord
SIKREDE;gøre trygt eller sikkert (datid);Udsagnsord
SIKRER;gøre trygt eller sikkert (nutid);Udsagnsord
SIKRERE;beskyttet mod fare (komparativ);Tillægsord
SIKRERE;uden stor fare (komparativ);Tillægsord
SIKREST;beskyttet mod fare (superlativ);Tillægsord
SIKREST;uden stor fare (superlativ);Tillægsord
SIKRET;gøre trygt eller sikkert (kort tillægsform);Udsagnsord
SILD;Lille sølvblank stimefisk;Dyr
SILD;sølvblank stimefisk (ubestemt ental);Navneord – Dyr
SILD;sølvblank stimefisk (ubestemt flertal);Navneord – Dyr
SILDEN;sølvblank stimefisk (bestemt ental);Navneord – Dyr
SILDENE;sølvblank stimefisk (bestemt flertal);Navneord – Dyr
SIMULERE;efterligne en proces (navnemåde);Udsagnsord
SIMULEREDE;efterligne en proces (datid);Udsagnsord
SIMULERER;efterligne en proces (nutid);Udsagnsord
SIMULERET;efterligne en proces (kort tillægsform);Udsagnsord
SJOV;som får folk til at le (grundform);Tillægsord
SJOVE;som får folk til at le (bestemt form eller flertal);Tillægsord
SJOVERE;som får folk til at le (komparativ);Tillægsord
SJOVEST;som får folk til at le (superlativ);Tillægsord
SJOVT;som får folk til at le (intetkøn);Tillægsord
SJÆLDENT;Ikke ret tit;Biord
SKAB;Møbel til opbevaring bag låger;Hjem
SKAB;møbel til opbevaring (ubestemt ental);Navneord
SKABE;frembringe noget nyt (navnemåde);Udsagnsord
SKABE;møbel til opbevaring (ubestemt flertal);Navneord
SKABENE;møbel til opbevaring (bestemt flertal);Navneord
SKABER;frembringe noget nyt (nutid);Udsagnsord
SKABET;møbel til opbevaring (bestemt ental);Navneord
SKABT;frembringe noget nyt (førnutids tillægsform);Udsagnsord
SKABTE;frembringe noget nyt (datid);Udsagnsord
SKADE;Sort og hvid fugl med lang hale;Dyr
SKADE;sort og hvid kragefugl (ubestemt ental);Navneord – Dyr
SKADEN;sort og hvid kragefugl (bestemt ental);Navneord – Dyr
SKADER;sort og hvid kragefugl (ubestemt flertal);Navneord – Dyr
SKADERNE;sort og hvid kragefugl (bestemt flertal);Navneord – Dyr
SKAK;Strategisk brætspil med konge og dronning;Fritid
SKAR;dele med en skarp kant (datid);Udsagnsord
SKAR;dele med skarpt redskab (datid);Udsagnsord
SKAT;Penge der betales til det offentlige;Tid og samfund
SKAT;betaling til det offentlige (ubestemt ental);Navneord – Samfund
SKATTEN;betaling til det offentlige (bestemt ental);Navneord – Samfund
SKE;Spiseredskab med fordybning;Hjem
SKE;redskab til at spise flydende mad (ubestemt ental);Navneord – Hverdag
SKE;spiseredskab med en lille skål (ubestemt ental);Navneord
SKEEN;redskab til at spise flydende mad (bestemt ental);Navneord – Hverdag
SKEEN;spiseredskab med en lille skål (bestemt ental);Navneord
SKEER;redskab til at spise flydende mad (ubestemt flertal);Navneord – Hverdag
SKEER;spiseredskab med en lille skål (ubestemt flertal);Navneord
SKEERNE;redskab til at spise flydende mad (bestemt flertal);Navneord – Hverdag
SKEERNE;spiseredskab med en lille skål (bestemt flertal);Navneord
SKIB;Stort fartøj til sejlads;Transport
SKIB;stort fartøj til søs (ubestemt ental);Navneord
SKIB;større fartøj på vand (ubestemt ental);Navneord – Transport
SKIBE;stort fartøj til søs (ubestemt flertal);Navneord
SKIBE;større fartøj på vand (ubestemt flertal);Navneord – Transport
SKIBENE;stort fartøj til søs (bestemt flertal);Navneord
SKIBENE;større fartøj på vand (bestemt flertal);Navneord – Transport
SKIBET;stort fartøj til søs (bestemt ental);Navneord
SKIBET;større fartøj på vand (bestemt ental);Navneord – Transport
SKILDPADDE;Krybdyr med hårdt skjold;Dyr
SKILT;Tavle med information eller påbud;Transport
SKILT;tavle med besked eller symbol (ubestemt ental);Navneord – Transport
SKILTE;tavle med besked eller symbol (ubestemt flertal);Navneord – Transport
SKILTENE;tavle med besked eller symbol (bestemt flertal);Navneord – Transport
SKILTET;tavle med besked eller symbol (bestemt ental);Navneord – Transport
SKINKE;Kødstykke fra grisens bagparti;Mad
SKINNE;udsende eller reflektere lys (navnemåde);Udsagnsord
SKINNE;udsende klart lys (navnemåde);Udsagnsord
SKINNEDE;udsende eller reflektere lys (datid);Udsagnsord
SKINNEDE;udsende klart lys (datid);Udsagnsord
SKINNER;udsende eller reflektere lys (nutid);Udsagnsord
SKINNER;udsende klart lys (nutid);Udsagnsord
SKINNET;udsende eller reflektere lys (kort tillægsform);Udsagnsord
SKINNET;udsende klart lys (førnutids tillægsform);Udsagnsord
SKOLE;Sted hvor børn og unge undervises;Tid og samfund
SKOLE;sted hvor elever undervises (ubestemt ental);Navneord
SKOLEN;sted hvor elever undervises (bestemt ental);Navneord
SKOLER;sted hvor elever undervises (ubestemt flertal);Navneord
SKOLERNE;sted hvor elever undervises (bestemt flertal);Navneord
SKORSTEN;rør til røg fra ildsted (ubestemt ental);Navneord – Hjem
SKORSTENE;rør til røg fra ildsted (ubestemt flertal);Navneord – Hjem
SKORSTENEN;rør til røg fra ildsted (bestemt ental);Navneord – Hjem
SKORSTENENE;rør til røg fra ildsted (bestemt flertal);Navneord – Hjem
SKOV;Stort område med mange træer;Natur
SKOV;stort område med træer (ubestemt ental);Navneord – Natur
SKOV;større område med træer (ubestemt ental);Navneord
SKOVE;stort område med træer (ubestemt flertal);Navneord – Natur
SKOVE;større område med træer (ubestemt flertal);Navneord
SKOVEN;stort område med træer (bestemt ental);Navneord – Natur
SKOVEN;større område med træer (bestemt ental);Navneord
SKOVENE;stort område med træer (bestemt flertal);Navneord – Natur
SKOVENE;større område med træer (bestemt flertal);Navneord
SKREV;danne ord med skrift (datid);Udsagnsord
SKREVET;danne ord med skrift (førnutids tillægsform);Udsagnsord
SKRIVE;danne ord med skrift (navnemåde);Udsagnsord
SKRIVER;danne ord med skrift (nutid);Udsagnsord
SKRUE;dreje en skrue (navnemåde);Udsagnsord
SKRUE;gevindskåret fastgørelsesdel (ubestemt ental);Navneord – Håndværk
SKRUEDE;dreje en skrue (datid);Udsagnsord
SKRUEN;gevindskåret fastgørelsesdel (bestemt ental);Navneord – Håndværk
SKRUER;dreje en skrue (nutid);Udsagnsord
SKRUER;gevindskåret fastgørelsesdel (ubestemt flertal);Navneord – Håndværk
SKRUERNE;gevindskåret fastgørelsesdel (bestemt flertal);Navneord – Håndværk
SKRUET;dreje en skrue (kort tillægsform);Udsagnsord
SKRUETRÆKKER;redskab til at dreje skruer (ubestemt ental);Navneord – Håndværk
SKRUETRÆKKERE;redskab til at dreje skruer (ubestemt flertal);Navneord – Håndværk
SKRUETRÆKKEREN;redskab til at dreje skruer (bestemt ental);Navneord – Håndværk
SKRUETRÆKKERNE;redskab til at dreje skruer (bestemt flertal);Navneord – Håndværk
SKRÆLLE;fjerne den yderste skal (navnemåde);Udsagnsord
SKRÆLLEDE;fjerne den yderste skal (datid);Udsagnsord
SKRÆLLER;fjerne den yderste skal (nutid);Udsagnsord
SKRÆLLET;fjerne den yderste skal (kort tillægsform);Udsagnsord
SKUBBE;presse noget væk fra sig (navnemåde);Udsagnsord
SKUBBE;trykke noget væk fra sig (navnemåde);Udsagnsord
SKUBBEDE;presse noget væk fra sig (datid);Udsagnsord
SKUBBEDE;trykke noget væk fra sig (datid);Udsagnsord
SKUBBER;presse noget væk fra sig (nutid);Udsagnsord
SKUBBER;trykke noget væk fra sig (nutid);Udsagnsord
SKUBBET;presse noget væk fra sig (førnutids tillægsform);Udsagnsord
SKUBBET;trykke noget væk fra sig (kort tillægsform);Udsagnsord
SKUFFE;Udtrækkelig opbevaringskasse;Hjem
SKUFFE;beholder der trækkes ud af møbel (ubestemt ental);Navneord – Hjem
SKUFFE;udtrækkeligt rum i et møbel (ubestemt ental);Navneord
SKUFFEN;beholder der trækkes ud af møbel (bestemt ental);Navneord – Hjem
SKUFFEN;udtrækkeligt rum i et møbel (bestemt ental);Navneord
SKUFFER;beholder der trækkes ud af møbel (ubestemt flertal);Navneord – Hjem
SKUFFER;udtrækkeligt rum i et møbel (ubestemt flertal);Navneord
SKUFFERNE;beholder der trækkes ud af møbel (bestemt flertal);Navneord – Hjem
SKUFFERNE;udtrækkeligt rum i et møbel (bestemt flertal);Navneord
SKULDER;Led mellem arm og overkrop;Menneske
SKULDER;led mellem arm og krop (ubestemt ental);Navneord – Krop
SKULDEREN;led mellem arm og krop (bestemt ental);Navneord – Krop
SKULDRE;led mellem arm og krop (ubestemt flertal);Navneord – Krop
SKULDRENE;led mellem arm og krop (bestemt flertal);Navneord – Krop
SKULPTUR;Tredimensionelt kunstværk;Fritid
SKUR;Lille bygning til opbevaring;Hjem
SKY;Synlig samling af vanddråber i luften;Natur
SKY;samling af vanddråber i luften (ubestemt ental);Navneord
SKYEN;samling af vanddråber i luften (bestemt ental);Navneord
SKYER;samling af vanddråber i luften (ubestemt flertal);Navneord
SKYERNE;samling af vanddråber i luften (bestemt flertal);Navneord
SKYGGE;Mørkt område bag noget der spærrer lyset;Natur
SKYGGE;mørkt område uden direkte lys (ubestemt ental);Navneord – Natur
SKYGGEN;mørkt område uden direkte lys (bestemt ental);Navneord – Natur
SKYGGER;mørkt område uden direkte lys (ubestemt flertal);Navneord – Natur
SKYGGERNE;mørkt område uden direkte lys (bestemt flertal);Navneord – Natur
SKYR;Tykt syrnet mejeriprodukt;Mad
SKÅL;Dybt rundt service til mad;Hjem
SKÅL;dyb beholder til mad (ubestemt ental);Navneord – Hverdag
SKÅLE;dyb beholder til mad (ubestemt flertal);Navneord – Hverdag
SKÅLEN;dyb beholder til mad (bestemt ental);Navneord – Hverdag
SKÅLENE;dyb beholder til mad (bestemt flertal);Navneord – Hverdag
SKÅRET;dele med en skarp kant (førnutids tillægsform);Udsagnsord
SKÅRET;dele med skarpt redskab (kort tillægsform);Udsagnsord
SKÆRE;dele med en skarp kant (navnemåde);Udsagnsord
SKÆRE;dele med skarpt redskab (navnemåde);Udsagnsord
SKÆRER;dele med en skarp kant (nutid);Udsagnsord
SKÆRER;dele med skarpt redskab (nutid);Udsagnsord
SKÆRM;Enhed der viser billeder og tekst;IT
SKÆRM;flade der viser billeder (ubestemt ental);Navneord
SKÆRME;flade der viser billeder (ubestemt flertal);Navneord
SKÆRMEN;flade der viser billeder (bestemt ental);Navneord
SKÆRMENE;flade der viser billeder (bestemt flertal);Navneord
SLANGE;Krybdyr uden ben;Dyr
SLETTE;fjerne information eller indhold (navnemåde);Udsagnsord
SLETTE;fjerne noget helt (navnemåde);Udsagnsord
SLETTEDE;fjerne information eller indhold (datid);Udsagnsord
SLETTEDE;fjerne noget helt (datid);Udsagnsord
SLETTER;fjerne information eller indhold (nutid);Udsagnsord
SLETTER;fjerne noget helt (nutid);Udsagnsord
SLETTET;fjerne information eller indhold (førnutids tillægsform);Udsagnsord
SLETTET;fjerne noget helt (kort tillægsform);Udsagnsord
SLOG;ramme med kraft (datid);Udsagnsord
SLUKKE;få lys eller apparat til at stoppe (navnemåde);Udsagnsord
SLUKKE;få lys eller maskine til at ophøre (navnemåde);Udsagnsord
SLUKKEDE;få lys eller apparat til at stoppe (datid);Udsagnsord
SLUKKEDE;få lys eller maskine til at ophøre (datid);Udsagnsord
SLUKKER;få lys eller apparat til at stoppe (nutid);Udsagnsord
SLUKKER;få lys eller maskine til at ophøre (nutid);Udsagnsord
SLUKKET;få lys eller apparat til at stoppe (førnutids tillægsform);Udsagnsord
SLUKKET;få lys eller maskine til at ophøre (kort tillægsform);Udsagnsord
SLUTTE;komme til ende (navnemåde);Udsagnsord
SLUTTEDE;komme til ende (datid);Udsagnsord
SLUTTER;komme til ende (nutid);Udsagnsord
SLUTTET;komme til ende (kort tillægsform);Udsagnsord
SLÅ;ramme med kraft (navnemåde);Udsagnsord
SLÅET;ramme med kraft (kort tillægsform);Udsagnsord
SLÅR;ramme med kraft (nutid);Udsagnsord
SMAG;sansning med tungen (ubestemt ental);Navneord
SMAGE;opfatte smag (navnemåde);Udsagnsord
SMAGE;opfatte smag med tungen (navnemåde);Udsagnsord
SMAGE;sansning med tungen (ubestemt flertal);Navneord
SMAGEN;sansning med tungen (bestemt ental);Navneord
SMAGENE;sansning med tungen (bestemt flertal);Navneord
SMAGER;opfatte smag (nutid);Udsagnsord
SMAGER;opfatte smag med tungen (nutid);Udsagnsord
SMAGT;opfatte smag (kort tillægsform);Udsagnsord
SMAGT;opfatte smag med tungen (førnutids tillægsform);Udsagnsord
SMAGTE;opfatte smag (datid);Udsagnsord
SMAGTE;opfatte smag med tungen (datid);Udsagnsord
SMAL;med lille bredde (fælleskøn);Tillægsord
SMAL;med lille bredde (grundform);Tillægsord
SMALLE;med lille bredde (bestemt form eller flertal);Tillægsord
SMALLE;med lille bredde (flertal eller bestemt form);Tillægsord
SMALLERE;med lille bredde (komparativ);Tillægsord
SMALLEST;med lille bredde (superlativ);Tillægsord
SMALT;med lille bredde (intetkøn);Tillægsord
SMELTE;gå fra fast til flydende (navnemåde);Udsagnsord
SMELTE;gå fra fast til flydende form (navnemåde);Udsagnsord
SMELTEDE;gå fra fast til flydende (datid);Udsagnsord
SMELTEDE;gå fra fast til flydende form (datid);Udsagnsord
SMELTER;gå fra fast til flydende (nutid);Udsagnsord
SMELTER;gå fra fast til flydende form (nutid);Udsagnsord
SMELTET;gå fra fast til flydende (førnutids tillægsform);Udsagnsord
SMELTET;gå fra fast til flydende form (kort tillægsform);Udsagnsord
SMIL;Venligt udtryk omkring munden;Menneske
SMILE;vise glæde med ansigtet (navnemåde);Udsagnsord
SMILEDE;vise glæde med ansigtet (datid);Udsagnsord
SMILER;vise glæde med ansigtet (nutid);Udsagnsord
SMILET;vise glæde med ansigtet (førnutids tillægsform);Udsagnsord
SMILET;vise glæde med ansigtet (kort tillægsform);Udsagnsord
SMUK;med flot udseende (grundform);Tillægsord
SMUK;med stor skønhed (fælleskøn);Tillægsord
SMUKKE;med flot udseende (bestemt form eller flertal);Tillægsord
SMUKKE;med stor skønhed (flertal eller bestemt form);Tillægsord
SMUKKERE;med flot udseende (komparativ);Tillægsord
SMUKKERE;med stor skønhed (komparativ);Tillægsord
SMUKKEST;med flot udseende (superlativ);Tillægsord
SMUKKEST;med stor skønhed (superlativ);Tillægsord
SMUKT;med flot udseende (intetkøn);Tillægsord
SMUKT;med stor skønhed (intetkøn);Tillægsord
SMÅ;med ringe størrelse (bestemt form eller flertal);Tillægsord
SMÅ;med ringe størrelse (flertal eller bestemt form);Tillægsord
SMÅKAGE;lille sprødt bagværk (ubestemt ental);Navneord – Mad
SMÅKAGEN;lille sprødt bagværk (bestemt ental);Navneord – Mad
SMÅKAGER;lille sprødt bagværk (ubestemt flertal);Navneord – Mad
SMÅKAGERNE;lille sprødt bagværk (bestemt flertal);Navneord – Mad
SMØR;Fedtstof lavet af fløde;Mad
SMØR;fedtstof fremstillet af fløde (ubestemt ental);Navneord – Mad
SMØR;fedtstof fremstillet af fløde (ubestemt flertal);Navneord – Mad
SMØRRENE;fedtstof fremstillet af fløde (bestemt flertal);Navneord – Mad
SMØRRET;fedtstof fremstillet af fløde (bestemt ental);Navneord – Mad
SNAKKE;tale sammen (navnemåde);Udsagnsord
SNAKKEDE;tale sammen (datid);Udsagnsord
SNAKKER;tale sammen (nutid);Udsagnsord
SNAKKET;tale sammen (kort tillægsform);Udsagnsord
SNART;Om kort tid;Biord
SNE;Hvid nedbør af iskrystaller;Natur
SNE;falde ned som sne (navnemåde);Udsagnsord
SNE;falde som sne (navnemåde);Udsagnsord
SNEEDE;falde ned som sne (datid);Udsagnsord
SNEEDE;falde som sne (datid);Udsagnsord
SNEET;falde ned som sne (førnutids tillægsform);Udsagnsord
SNEET;falde som sne (kort tillægsform);Udsagnsord
SNEGL;Bløddyr der ofte bærer hus;Dyr
SNER;falde ned som sne (nutid);Udsagnsord
SNER;falde som sne (nutid);Udsagnsord
SNITTE;skære i tynde stykker (navnemåde);Udsagnsord
SNITTEDE;skære i tynde stykker (datid);Udsagnsord
SNITTER;skære i tynde stykker (nutid);Udsagnsord
SNITTET;skære i tynde stykker (kort tillægsform);Udsagnsord
SO;Hungris;Dyr
SOFA;Polstret møbel med flere siddepladser;Hjem
SOL;Stjernen i vores solsystem;Natur
SOLBÆR;lille sort aromatisk bær (ubestemt ental);Navneord – Mad
SOLBÆR;lille sort aromatisk bær (ubestemt flertal);Navneord – Mad
SOLBÆRRENE;lille sort aromatisk bær (bestemt flertal);Navneord – Mad
SOLBÆRRET;lille sort aromatisk bær (bestemt ental);Navneord – Mad
SOLGT;overdrage mod betaling (førnutids tillægsform);Udsagnsord
SOLGTE;overdrage mod betaling (datid);Udsagnsord
SOLNEDGANG;tidspunkt hvor solen forsvinder (ubestemt ental);Navneord – Tid
SOLNEDGANGE;tidspunkt hvor solen forsvinder (ubestemt flertal);Navneord – Tid
SOLNEDGANGEN;tidspunkt hvor solen forsvinder (bestemt ental);Navneord – Tid
SOLNEDGANGENE;tidspunkt hvor solen forsvinder (bestemt flertal);Navneord – Tid
SOLOPGANG;tidspunkt hvor solen viser sig (ubestemt ental);Navneord – Tid
SOLOPGANGE;tidspunkt hvor solen viser sig (ubestemt flertal);Navneord – Tid
SOLOPGANGEN;tidspunkt hvor solen viser sig (bestemt ental);Navneord – Tid
SOLOPGANGENE;tidspunkt hvor solen viser sig (bestemt flertal);Navneord – Tid
SOLSIKKE;Høj blomst der vender mod lyset;Natur
SOLSORT;Sort fugl med gult næb;Dyr
SOLSORT;sort sangfugl med orange næb (ubestemt ental);Navneord – Dyr
SOLSORTE;sort sangfugl med orange næb (ubestemt flertal);Navneord – Dyr
SOLSORTEN;sort sangfugl med orange næb (bestemt ental);Navneord – Dyr
SOLSORTENE;sort sangfugl med orange næb (bestemt flertal);Navneord – Dyr
SOLSYSTEM;stjerne med planeter omkring sig (ubestemt ental);Navneord – Rummet
SOLSYSTEMER;stjerne med planeter omkring sig (ubestemt flertal);Navneord – Rummet
SOLSYSTEMERNE;stjerne med planeter omkring sig (bestemt flertal);Navneord – Rummet
SOLSYSTEMET;stjerne med planeter omkring sig (bestemt ental);Navneord – Rummet
SOMMER;Årets varmeste årstid;Natur
SOMMER;årets varmeste årstid (ubestemt ental);Navneord – Tid
SOMMEREN;årets varmeste årstid (bestemt ental);Navneord – Tid
SOMMERFUGL;Insekt med store farvede vinger;Dyr
SOMMERFUGL;insekt med farvede vinger (ubestemt ental);Navneord
SOMMERFUGLE;insekt med farvede vinger (ubestemt flertal);Navneord
SOMMERFUGLEN;insekt med farvede vinger (bestemt ental);Navneord
SOMMERFUGLENE;insekt med farvede vinger (bestemt flertal);Navneord
SOMRE;årets varmeste årstid (ubestemt flertal);Navneord – Tid
SOMRENE;årets varmeste årstid (bestemt flertal);Navneord – Tid
SORG;Smertefuld følelse efter tab;Menneske
SORT;med mørkeste farve (grundform);Tillægsord
SORT;med mørkeste farve (intetkøn);Tillægsord
SORTE;med mørkeste farve (bestemt form eller flertal);Tillægsord
SORTERE;med mørkeste farve (komparativ);Tillægsord
SORTERE;opdele efter kriterier (navnemåde);Udsagnsord
SORTEREDE;opdele efter kriterier (datid);Udsagnsord
SORTERER;opdele efter kriterier (nutid);Udsagnsord
SORTERET;opdele efter kriterier (kort tillægsform);Udsagnsord
SORTEST;med mørkeste farve (superlativ);Tillægsord
SOV;hvile i søvn (datid);Udsagnsord
SOVE;hvile i søvn (navnemåde);Udsagnsord
SOVER;hvile i søvn (nutid);Udsagnsord
SOVET;hvile i søvn (førnutids tillægsform);Udsagnsord
SOVEVÆRELSE;Rum hvor man typisk sover;Hjem
SOVS;flydende tilbehør til mad (ubestemt ental);Navneord – Mad
SOVSE;flydende tilbehør til mad (ubestemt flertal);Navneord – Mad
SOVSEN;flydende tilbehør til mad (bestemt ental);Navneord – Mad
SOVSENE;flydende tilbehør til mad (bestemt flertal);Navneord – Mad
SPALTE;lodret afsnit i en avis (ubestemt ental);Navneord – Medier
SPALTEN;lodret afsnit i en avis (bestemt ental);Navneord – Medier
SPALTER;lodret afsnit i en avis (ubestemt flertal);Navneord – Medier
SPALTERNE;lodret afsnit i en avis (bestemt flertal);Navneord – Medier
SPAND;Beholder med hank;Hjem
SPARE;bruge færre penge eller ressourcer (navnemåde);Udsagnsord
SPAREDE;bruge færre penge eller ressourcer (datid);Udsagnsord
SPARER;bruge færre penge eller ressourcer (nutid);Udsagnsord
SPARET;bruge færre penge eller ressourcer (førnutids tillægsform);Udsagnsord
SPARKE;slå med foden (navnemåde);Udsagnsord
SPARKEDE;slå med foden (datid);Udsagnsord
SPARKER;slå med foden (nutid);Udsagnsord
SPARKET;slå med foden (kort tillægsform);Udsagnsord
SPEEDER;pedal der øger farten (ubestemt ental);Navneord – Transport
SPEEDEREN;pedal der øger farten (bestemt ental);Navneord – Transport
SPEEDEREN;pedal der øger farten (ubestemt flertal);Navneord – Transport
SPEJL;Glasflade der viser ens billede;Hjem
SPEJL;glas der viser ens billede (ubestemt ental);Navneord – Hjem
SPEJLE;glas der viser ens billede (ubestemt flertal);Navneord – Hjem
SPEJLENE;glas der viser ens billede (bestemt flertal);Navneord – Hjem
SPEJLET;glas der viser ens billede (bestemt ental);Navneord – Hjem
SPIL;Aktivitet med regler og deltagere;Fritid
SPIL;leg eller konkurrence med regler (ubestemt ental);Navneord
SPIL;leg eller konkurrence med regler (ubestemt flertal);Navneord
SPILLE;deltage i et spil eller lave musik (navnemåde);Udsagnsord
SPILLE;deltage i leg eller lave musik (navnemåde);Udsagnsord
SPILLEDE;deltage i et spil eller lave musik (datid);Udsagnsord
SPILLEDE;deltage i leg eller lave musik (datid);Udsagnsord
SPILLENE;leg eller konkurrence med regler (bestemt flertal);Navneord
SPILLER;deltage i et spil eller lave musik (nutid);Udsagnsord
SPILLER;deltage i leg eller lave musik (nutid);Udsagnsord
SPILLER;person der deltager i et spil (ubestemt ental);Navneord – Sport
SPILLERE;person der deltager i et spil (ubestemt flertal);Navneord – Sport
SPILLEREN;person der deltager i et spil (bestemt ental);Navneord – Sport
SPILLERNE;person der deltager i et spil (bestemt flertal);Navneord – Sport
SPILLET;deltage i et spil eller lave musik (førnutids tillægsform);Udsagnsord
SPILLET;deltage i leg eller lave musik (kort tillægsform);Udsagnsord
SPILLET;leg eller konkurrence med regler (bestemt ental);Navneord
SPINAT;Grøn bladgrøntsag;Mad
SPINAT;bladgrøntsag (ubestemt ental);Navneord – Mad
SPINATEN;bladgrøntsag (bestemt ental);Navneord – Mad
SPINATER;bladgrøntsag (ubestemt flertal);Navneord – Mad
SPINATERNE;bladgrøntsag (bestemt flertal);Navneord – Mad
SPIRE;begynde at vokse (navnemåde);Udsagnsord
SPIREDE;begynde at vokse (datid);Udsagnsord
SPIRER;begynde at vokse (nutid);Udsagnsord
SPIRET;begynde at vokse (kort tillægsform);Udsagnsord
SPISE;indtage mad (navnemåde);Udsagnsord
SPISER;indtage mad (nutid);Udsagnsord
SPIST;indtage mad (førnutids tillægsform);Udsagnsord
SPISTE;indtage mad (datid);Udsagnsord
SPOR;aftryk eller jernbaneskinner (ubestemt ental);Navneord – Transport
SPOR;aftryk eller jernbaneskinner (ubestemt flertal);Navneord – Transport
SPORENE;aftryk eller jernbaneskinner (bestemt flertal);Navneord – Transport
SPORET;aftryk eller jernbaneskinner (bestemt ental);Navneord – Transport
SPORVOGN;vogn på skinner i byen (ubestemt ental);Navneord – Transport
SPORVOGNE;vogn på skinner i byen (ubestemt flertal);Navneord – Transport
SPORVOGNEN;vogn på skinner i byen (bestemt ental);Navneord – Transport
SPORVOGNENE;vogn på skinner i byen (bestemt flertal);Navneord – Transport
SPRANG;hoppe eller bevæge sig hurtigt (datid);Udsagnsord
SPRINGE;hoppe eller bevæge sig hurtigt (navnemåde);Udsagnsord
SPRINGER;hoppe eller bevæge sig hurtigt (nutid);Udsagnsord
SPROG;System til menneskelig kommunikation;Fritid
SPRUNGET;hoppe eller bevæge sig hurtigt (kort tillægsform);Udsagnsord
SPRØJTE;sende væske ud i stråler (navnemåde);Udsagnsord
SPRØJTEDE;sende væske ud i stråler (datid);Udsagnsord
SPRØJTER;sende væske ud i stråler (nutid);Udsagnsord
SPRØJTET;sende væske ud i stråler (kort tillægsform);Udsagnsord
SPURGT;bede om oplysninger (kort tillægsform);Udsagnsord
SPURGT;søge et svar med ord (førnutids tillægsform);Udsagnsord
SPURGTE;bede om oplysninger (datid);Udsagnsord
SPURGTE;søge et svar med ord (datid);Udsagnsord
SPURV;Lille almindelig havefugl;Dyr
SPURV;lille almindelig fugl (ubestemt ental);Navneord – Dyr
SPURVE;lille almindelig fugl (ubestemt flertal);Navneord – Dyr
SPURVEN;lille almindelig fugl (bestemt ental);Navneord – Dyr
SPURVENE;lille almindelig fugl (bestemt flertal);Navneord – Dyr
SPÆNDENDE;som vækker nysgerrighed (bestemt form eller flertal);Tillægsord
SPÆNDENDE;som vækker nysgerrighed (grundform);Tillægsord
SPÆNDENDE;som vækker nysgerrighed (intetkøn);Tillægsord
SPÆTTE;Fugl der hakker i træstammer;Dyr
SPØRGE;bede om oplysninger (navnemåde);Udsagnsord
SPØRGE;søge et svar med ord (navnemåde);Udsagnsord
SPØRGER;bede om oplysninger (nutid);Udsagnsord
SPØRGER;søge et svar med ord (nutid);Udsagnsord
SPØRGSMÅL;noget man ønsker svar på (ubestemt ental);Navneord
SPØRGSMÅL;noget man ønsker svar på (ubestemt flertal);Navneord
SPØRGSMÅLENE;noget man ønsker svar på (bestemt flertal);Navneord
SPØRGSMÅLET;noget man ønsker svar på (bestemt ental);Navneord
STADIG;Endnu på dette tidspunkt;Biord
STAMME;Træets kraftige hoveddel;Natur
STAMME;hoveddel af træ eller folkegruppe (ubestemt ental);Navneord – Natur
STAMMEN;hoveddel af træ eller folkegruppe (bestemt ental);Navneord – Natur
STAMMER;hoveddel af træ eller folkegruppe (ubestemt flertal);Navneord – Natur
STAMMERNE;hoveddel af træ eller folkegruppe (bestemt flertal);Navneord – Natur
STARTE;sætte i gang (navnemåde);Udsagnsord
STARTE;sætte noget i gang (navnemåde);Udsagnsord
STARTEDE;sætte i gang (datid);Udsagnsord
STARTEDE;sætte noget i gang (datid);Udsagnsord
STARTER;sætte i gang (nutid);Udsagnsord
STARTER;sætte noget i gang (nutid);Udsagnsord
STARTET;sætte i gang (kort tillægsform);Udsagnsord
STARTET;sætte noget i gang (førnutids tillægsform);Udsagnsord
STAT;Politisk organiseret land;Tid og samfund
STATION;Sted hvor tog holder;Transport
STATION;sted hvor tog standser (ubestemt ental);Navneord – Transport
STATIONEN;sted hvor tog standser (bestemt ental);Navneord – Transport
STATIONER;sted hvor tog standser (ubestemt flertal);Navneord – Transport
STATIONERNE;sted hvor tog standser (bestemt flertal);Navneord – Transport
STEG;bevæge sig opad (datid);Udsagnsord
STEGE;tilberede i fedt eller varme (navnemåde);Udsagnsord
STEGE;tilberede i varmt fedtstof (navnemåde);Udsagnsord
STEGER;tilberede i fedt eller varme (nutid);Udsagnsord
STEGER;tilberede i varmt fedtstof (nutid);Udsagnsord
STEGET;bevæge sig opad (kort tillægsform);Udsagnsord
STEGT;tilberede i fedt eller varme (førnutids tillægsform);Udsagnsord
STEGT;tilberede i varmt fedtstof (kort tillægsform);Udsagnsord
STEGTE;tilberede i fedt eller varme (datid);Udsagnsord
STEGTE;tilberede i varmt fedtstof (datid);Udsagnsord
STEMME;Lyd en person frembringer ved tale;Menneske
STEMME;Tilkendegivelse ved et valg;Tid og samfund
STEMME;lyd fra en person der taler (ubestemt ental);Navneord – Krop
STEMME;valghandling eller lyd fra munden (ubestemt ental);Navneord – Samfund
STEMMEN;lyd fra en person der taler (bestemt ental);Navneord – Krop
STEMMEN;valghandling eller lyd fra munden (bestemt ental);Navneord – Samfund
STEMMER;lyd fra en person der taler (ubestemt flertal);Navneord – Krop
STEMMER;valghandling eller lyd fra munden (ubestemt flertal);Navneord – Samfund
STEMMERNE;lyd fra en person der taler (bestemt flertal);Navneord – Krop
STEMMERNE;valghandling eller lyd fra munden (bestemt flertal);Navneord – Samfund
STEN;Hårdt naturligt stykke mineral;Natur
STEN;hårdt stykke mineral (ubestemt ental);Navneord – Natur
STEN;hårdt stykke mineral (ubestemt flertal);Navneord – Natur
STENEN;hårdt stykke mineral (bestemt ental);Navneord – Natur
STENENE;hårdt stykke mineral (bestemt flertal);Navneord – Natur
STI;Smal rute til fods eller på cykel;Transport
STI;smal færdselsvej (ubestemt ental);Navneord
STI;smal vej for gående (ubestemt ental);Navneord – Transport
STIEN;smal færdselsvej (bestemt ental);Navneord
STIEN;smal vej for gående (bestemt ental);Navneord – Transport
STIER;smal færdselsvej (ubestemt flertal);Navneord
STIER;smal vej for gående (ubestemt flertal);Navneord – Transport
STIERNE;smal færdselsvej (bestemt flertal);Navneord
STIERNE;smal vej for gående (bestemt flertal);Navneord – Transport
STIGE;bevæge sig opad (navnemåde);Udsagnsord
STIGE;redskab med trin til at klatre på (ubestemt ental);Navneord – Håndværk
STIGEN;redskab med trin til at klatre på (bestemt ental);Navneord – Håndværk
STIGER;bevæge sig opad (nutid);Udsagnsord
STIGER;redskab med trin til at klatre på (ubestemt flertal);Navneord – Håndværk
STIGERNE;redskab med trin til at klatre på (bestemt flertal);Navneord – Håndværk
STIK;Forbindelsesdel til en kontakt;IT
STIK;elektrisk forbindelse med ben (ubestemt ental);Navneord – Hjem
STIK;elektrisk forbindelse med ben (ubestemt flertal);Navneord – Hjem
STIKKENE;elektrisk forbindelse med ben (bestemt flertal);Navneord – Hjem
STIKKET;elektrisk forbindelse med ben (bestemt ental);Navneord – Hjem
STILLE;med lidt støj (flertal eller bestemt form);Tillægsord
STILLE;med lidt støj (fælleskøn);Tillægsord
STILLE;med lidt støj (intetkøn);Tillægsord
STILLE;uden meget lyd (bestemt form eller flertal);Tillægsord
STILLE;uden meget lyd (grundform);Tillægsord
STILLE;uden meget lyd (intetkøn);Tillægsord
STILLERE;uden meget lyd (komparativ);Tillægsord
STILLEST;uden meget lyd (superlativ);Tillægsord
STILLING;job eller position (ubestemt ental);Navneord – Arbejde
STILLINGEN;job eller position (bestemt ental);Navneord – Arbejde
STILLINGER;job eller position (ubestemt flertal);Navneord – Arbejde
STILLINGERNE;job eller position (bestemt flertal);Navneord – Arbejde
STJERNE;Lysende himmellegeme på nattehimlen;Natur
STJERNE;lysende gaskugle i rummet (ubestemt ental);Navneord – Rummet
STJERNEN;lysende gaskugle i rummet (bestemt ental);Navneord – Rummet
STJERNER;lysende gaskugle i rummet (ubestemt flertal);Navneord – Rummet
STJERNERNE;lysende gaskugle i rummet (bestemt flertal);Navneord – Rummet
STOD;være oprejst (datid);Udsagnsord
STOL;Siddemøbel med ryglæn;Hjem
STOL;møbel man sidder på (ubestemt ental);Navneord
STOLE;møbel man sidder på (ubestemt flertal);Navneord
STOLEN;møbel man sidder på (bestemt ental);Navneord
STOLENE;møbel man sidder på (bestemt flertal);Navneord
STOPPE;bringe noget til ophør (navnemåde);Udsagnsord
STOPPE;standse en aktivitet (navnemåde);Udsagnsord
STOPPEDE;bringe noget til ophør (datid);Udsagnsord
STOPPEDE;standse en aktivitet (datid);Udsagnsord
STOPPER;bringe noget til ophør (nutid);Udsagnsord
STOPPER;standse en aktivitet (nutid);Udsagnsord
STOPPESTED;Sted hvor bussen standser;Transport
STOPPET;bringe noget til ophør (førnutids tillægsform);Udsagnsord
STOPPET;standse en aktivitet (kort tillægsform);Udsagnsord
STOR;med betydelig størrelse (fælleskøn);Tillægsord
STOR;med betydelig størrelse (grundform);Tillægsord
STORE;med betydelig størrelse (bestemt form eller flertal);Tillægsord
STORE;med betydelig størrelse (flertal eller bestemt form);Tillægsord
STORK;Stor langbenet trækfugl;Dyr
STORM;Meget kraftig vind;Natur
STORM;meget kraftig vind (ubestemt ental);Navneord
STORME;blæse meget kraftigt (navnemåde);Udsagnsord
STORME;meget kraftig vind (ubestemt flertal);Navneord
STORMEDE;blæse meget kraftigt (datid);Udsagnsord
STORMEN;meget kraftig vind (bestemt ental);Navneord
STORMENE;meget kraftig vind (bestemt flertal);Navneord
STORMER;blæse meget kraftigt (nutid);Udsagnsord
STORMET;blæse meget kraftigt (kort tillægsform);Udsagnsord
STORT;med betydelig størrelse (intetkøn);Tillægsord
STRAND;Kyst med sand eller sten;Natur
STRAND;kyst med sand eller sten (ubestemt ental);Navneord
STRAND;land langs hav eller sø (ubestemt ental);Navneord – Natur
STRANDE;kyst med sand eller sten (ubestemt flertal);Navneord
STRANDE;land langs hav eller sø (ubestemt flertal);Navneord – Natur
STRANDEN;kyst med sand eller sten (bestemt ental);Navneord
STRANDEN;land langs hav eller sø (bestemt ental);Navneord – Natur
STRANDENE;kyst med sand eller sten (bestemt flertal);Navneord
STRANDENE;land langs hav eller sø (bestemt flertal);Navneord – Natur
STRIK;Håndarbejde lavet med strikkepinde;Fritid
STRYGEJERN;Varmt apparat der glatter tøj;Hjem
STRÅLE;smalt bånd af lys (ubestemt ental);Navneord – Natur
STRÅLEN;smalt bånd af lys (bestemt ental);Navneord – Natur
STRÅLER;smalt bånd af lys (ubestemt flertal);Navneord – Natur
STRÅLERNE;smalt bånd af lys (bestemt flertal);Navneord – Natur
STRØM;bevægelse af væske eller elektricitet (ubestemt ental);Navneord – Natur
STRØMME;bevægelse af væske eller elektricitet (ubestemt flertal);Navneord – Natur
STRØMMEN;bevægelse af væske eller elektricitet (bestemt ental);Navneord – Natur
STRØMMENE;bevægelse af væske eller elektricitet (bestemt flertal);Navneord – Natur
STUDERE;beskæftige sig med et fag (navnemåde);Udsagnsord
STUDERE;undersøge eller tage uddannelse (navnemåde);Udsagnsord
STUDEREDE;beskæftige sig med et fag (datid);Udsagnsord
STUDEREDE;undersøge eller tage uddannelse (datid);Udsagnsord
STUDERER;beskæftige sig med et fag (nutid);Udsagnsord
STUDERER;undersøge eller tage uddannelse (nutid);Udsagnsord
STUDERET;beskæftige sig med et fag (førnutids tillægsform);Udsagnsord
STUDERET;undersøge eller tage uddannelse (kort tillægsform);Udsagnsord
STUE;Opholdsrum med sofa og stole;Hjem
STYRE;bestemme retning eller forløb (navnemåde);Udsagnsord
STYREDE;bestemme retning eller forløb (datid);Udsagnsord
STYRER;bestemme retning eller forløb (nutid);Udsagnsord
STYRET;bestemme retning eller forløb (kort tillægsform);Udsagnsord
STÅ;være oprejst (navnemåde);Udsagnsord
STÅET;være oprejst (førnutids tillægsform);Udsagnsord
STÅR;være oprejst (nutid);Udsagnsord
STÆNK;lille sprøjt af væske (ubestemt ental);Navneord – Hverdag
STÆNK;lille sprøjt af væske (ubestemt flertal);Navneord – Hverdag
STÆNKENE;lille sprøjt af væske (bestemt flertal);Navneord – Hverdag
STÆNKET;lille sprøjt af væske (bestemt ental);Navneord – Hverdag
STÆR;mørk fugl med blanke fjer (ubestemt ental);Navneord – Dyr
STÆRE;mørk fugl med blanke fjer (ubestemt flertal);Navneord – Dyr
STÆREN;mørk fugl med blanke fjer (bestemt ental);Navneord – Dyr
STÆRENE;mørk fugl med blanke fjer (bestemt flertal);Navneord – Dyr
STÆRK;med stor kraft (fælleskøn);Tillægsord
STÆRK;med stor kraft (grundform);Tillægsord
STÆRKE;med stor kraft (bestemt form eller flertal);Tillægsord
STÆRKE;med stor kraft (flertal eller bestemt form);Tillægsord
STÆRKERE;med stor kraft (komparativ);Tillægsord
STÆRKEST;med stor kraft (superlativ);Tillægsord
STÆRKT;med stor kraft (intetkøn);Tillægsord
STØJENDE;som laver meget larm (bestemt form eller flertal);Tillægsord
STØJENDE;som laver meget larm (grundform);Tillægsord
STØJENDE;som laver meget larm (intetkøn);Tillægsord
STØRRE;med betydelig størrelse (komparativ);Tillægsord
STØRST;med betydelig størrelse (superlativ);Tillægsord
STØTTE;hjælpe nogen (navnemåde);Udsagnsord
STØTTEDE;hjælpe nogen (datid);Udsagnsord
STØTTER;hjælpe nogen (nutid);Udsagnsord
STØTTET;hjælpe nogen (kort tillægsform);Udsagnsord
STØVSUGER;Maskine der suger støv op;Hjem
STØVSUGER;maskine der suger støv (ubestemt ental);Navneord – Hjem
STØVSUGERE;maskine der suger støv (ubestemt flertal);Navneord – Hjem
STØVSUGEREN;maskine der suger støv (bestemt ental);Navneord – Hjem
STØVSUGERNE;maskine der suger støv (bestemt flertal);Navneord – Hjem
SUKKER;Sødt stof brugt i bagning;Mad
SUKKER;sødt stof til madlavning (ubestemt ental);Navneord – Mad
SUKKERARTER;sødt stof til madlavning (ubestemt flertal);Navneord – Mad
SUKKERARTERNE;sødt stof til madlavning (bestemt flertal);Navneord – Mad
SUKKERET;sødt stof til madlavning (bestemt ental);Navneord – Mad
SULT;Behov for mad;Menneske
SUMMERE;lægge tal sammen (navnemåde);Udsagnsord
SUMMEREDE;lægge tal sammen (datid);Udsagnsord
SUMMERER;lægge tal sammen (nutid);Udsagnsord
SUMMERET;lægge tal sammen (kort tillægsform);Udsagnsord
SUND;smalt farvand mellem landområder (ubestemt ental);Navneord – Natur
SUNDE;smalt farvand mellem landområder (ubestemt flertal);Navneord – Natur
SUNDENE;smalt farvand mellem landområder (bestemt flertal);Navneord – Natur
SUNDET;smalt farvand mellem landområder (bestemt ental);Navneord – Natur
SUNGET;frembringe toner med stemmen (førnutids tillægsform);Udsagnsord
SUNGET;fremføre toner med stemmen (kort tillægsform);Udsagnsord
SUNKET;bevæge sig nedad i væske (kort tillægsform);Udsagnsord
SUPPE;Flydende madret i en skål;Mad
SUPPE;flydende madret (ubestemt ental);Navneord – Mad
SUPPEN;flydende madret (bestemt ental);Navneord – Mad
SUPPER;flydende madret (ubestemt flertal);Navneord – Mad
SUPPERNE;flydende madret (bestemt flertal);Navneord – Mad
SUR;i dårligt humør (grundform);Tillægsord
SUR;med syrlig smag (grundform);Tillægsord
SUR;med vredt humør eller syrlig smag (fælleskøn);Tillægsord
SURE;i dårligt humør (bestemt form eller flertal);Tillægsord
SURE;med syrlig smag (bestemt form eller flertal);Tillægsord
SURE;med vredt humør eller syrlig smag (flertal eller bestemt form);Tillægsord
SURERE;i dårligt humør (komparativ);Tillægsord
SURERE;med syrlig smag (komparativ);Tillægsord
SURERE;med vredt humør eller syrlig smag (komparativ);Tillægsord
SUREST;i dårligt humør (superlativ);Tillægsord
SUREST;med syrlig smag (superlativ);Tillægsord
SUREST;med vredt humør eller syrlig smag (superlativ);Tillægsord
SURT;i dårligt humør (intetkøn);Tillægsord
SURT;med syrlig smag (intetkøn);Tillægsord
SURT;med vredt humør eller syrlig smag (intetkøn);Tillægsord
SVAG;med ringe kraft (grundform);Tillægsord
SVAG;med ringe styrke (fælleskøn);Tillægsord
SVAGE;med ringe kraft (bestemt form eller flertal);Tillægsord
SVAGE;med ringe styrke (flertal eller bestemt form);Tillægsord
SVAGERE;med ringe kraft (komparativ);Tillægsord
SVAGERE;med ringe styrke (komparativ);Tillægsord
SVAGEST;med ringe kraft (superlativ);Tillægsord
SVAGEST;med ringe styrke (superlativ);Tillægsord
SVAGT;med ringe kraft (intetkøn);Tillægsord
SVAGT;med ringe styrke (intetkøn);Tillægsord
SVALE;Lille fugl med kløftet hale;Dyr
SVAMP;Organisme der ofte har hat og stok;Natur
SVAMP;organisme der nedbryder materiale (ubestemt ental);Navneord – Natur
SVAMPE;organisme der nedbryder materiale (ubestemt flertal);Navneord – Natur
SVAMPEN;organisme der nedbryder materiale (bestemt ental);Navneord – Natur
SVAMPENE;organisme der nedbryder materiale (bestemt flertal);Navneord – Natur
SVANE;Stor ofte hvid vandfugl;Dyr
SVANE;stor hvid svømmefugl (ubestemt ental);Navneord – Dyr
SVANE;stor vandfugl med lang hals (ubestemt ental);Navneord
SVANEN;stor hvid svømmefugl (bestemt ental);Navneord – Dyr
SVANEN;stor vandfugl med lang hals (bestemt ental);Navneord
SVANER;stor hvid svømmefugl (ubestemt flertal);Navneord – Dyr
SVANER;stor vandfugl med lang hals (ubestemt flertal);Navneord
SVANERNE;stor hvid svømmefugl (bestemt flertal);Navneord – Dyr
SVANERNE;stor vandfugl med lang hals (bestemt flertal);Navneord
SVAR;oplysning som besvarer et spørgsmål (ubestemt ental);Navneord
SVAR;oplysning som besvarer et spørgsmål (ubestemt flertal);Navneord
SVARE;give besked på et spørgsmål (navnemåde);Udsagnsord
SVARE;give et svar (navnemåde);Udsagnsord
SVAREDE;give besked på et spørgsmål (datid);Udsagnsord
SVAREDE;give et svar (datid);Udsagnsord
SVARENE;oplysning som besvarer et spørgsmål (bestemt flertal);Navneord
SVARER;give besked på et spørgsmål (nutid);Udsagnsord
SVARER;give et svar (nutid);Udsagnsord
SVARET;give besked på et spørgsmål (førnutids tillægsform);Udsagnsord
SVARET;give et svar (kort tillægsform);Udsagnsord
SVARET;oplysning som besvarer et spørgsmål (bestemt ental);Navneord
SVÆR;som kræver stor indsats (fælleskøn);Tillægsord
SVÆR;vanskelig at løse (grundform);Tillægsord
SVÆRE;som kræver stor indsats (flertal eller bestemt form);Tillægsord
SVÆRE;vanskelig at løse (bestemt form eller flertal);Tillægsord
SVÆRERE;som kræver stor indsats (komparativ);Tillægsord
SVÆRERE;vanskelig at løse (komparativ);Tillægsord
SVÆREST;som kræver stor indsats (superlativ);Tillægsord
SVÆREST;vanskelig at løse (superlativ);Tillægsord
SVÆRT;som kræver stor indsats (intetkøn);Tillægsord
SVÆRT;vanskelig at løse (intetkøn);Tillægsord
SVØMME;bevæge sig gennem vand (navnemåde);Udsagnsord
SVØMMEDE;bevæge sig gennem vand (datid);Udsagnsord
SVØMMER;bevæge sig gennem vand (nutid);Udsagnsord
SVØMMET;bevæge sig gennem vand (førnutids tillægsform);Udsagnsord
SVØMMET;bevæge sig gennem vand (kort tillægsform);Udsagnsord
SVØMNING;Idræt hvor man bevæger sig i vand;Fritid
SWITCH;Enhed der forbinder lokale netværksenheder;IT
SWITCH;enhed der forbinder udstyr på et netværk (ubestemt ental);Navneord – Teknologi
SWITCHE;enhed der forbinder udstyr på et netværk (ubestemt flertal);Navneord – Teknologi
SWITCHEN;enhed der forbinder udstyr på et netværk (bestemt ental);Navneord – Teknologi
SWITCHENE;enhed der forbinder udstyr på et netværk (bestemt flertal);Navneord – Teknologi
SYGEHUS;Sted hvor patienter behandles;Tid og samfund
SYGEPLEJER;Person der plejer patienter;Menneske
SYGEPLEJERSKE;person der plejer patienter (ubestemt ental);Navneord
SYGEPLEJERSKEN;person der plejer patienter (bestemt ental);Navneord
SYGEPLEJERSKER;person der plejer patienter (ubestemt flertal);Navneord
SYGEPLEJERSKERNE;person der plejer patienter (bestemt flertal);Navneord
SYLTETØJ;Frugt kogt med sukker;Mad
SYNGE;frembringe toner med stemmen (navnemåde);Udsagnsord
SYNGE;fremføre toner med stemmen (navnemåde);Udsagnsord
SYNGER;frembringe toner med stemmen (nutid);Udsagnsord
SYNGER;fremføre toner med stemmen (nutid);Udsagnsord
SYNKE;bevæge sig nedad i væske (navnemåde);Udsagnsord
SYNKER;bevæge sig nedad i væske (nutid);Udsagnsord
SYSTEM;dele der virker sammen (ubestemt ental);Navneord – Teknologi
SYSTEMER;dele der virker sammen (ubestemt flertal);Navneord – Teknologi
SYSTEMERNE;dele der virker sammen (bestemt flertal);Navneord – Teknologi
SYSTEMET;dele der virker sammen (bestemt ental);Navneord – Teknologi
SÅ;lægge frø i jorden (navnemåde);Udsagnsord
SÅ;opfatte med øjnene (datid);Udsagnsord
SÅEDE;lægge frø i jorden (datid);Udsagnsord
SÅET;lægge frø i jorden (kort tillægsform);Udsagnsord
SÅR;lægge frø i jorden (nutid);Udsagnsord
SÆBE;Middel til vask af hud;Hjem
SÆDE;Plads man sidder på i et køretøj;Transport
SÆL;Havpattedyr med luffer;Dyr
SÆL;havpattedyr med luffer (ubestemt ental);Navneord – Dyr
SÆLEN;havpattedyr med luffer (bestemt ental);Navneord – Dyr
SÆLER;havpattedyr med luffer (ubestemt flertal);Navneord – Dyr
SÆLERNE;havpattedyr med luffer (bestemt flertal);Navneord – Dyr
SÆLGE;overdrage mod betaling (navnemåde);Udsagnsord
SÆLGER;overdrage mod betaling (nutid);Udsagnsord
SÆTNING;Ord sat sammen til et udsagn;Fritid
SÆTNING;gruppe af ord med sammenhængende mening (ubestemt ental);Navneord
SÆTNINGEN;gruppe af ord med sammenhængende mening (bestemt ental);Navneord
SÆTNINGER;gruppe af ord med sammenhængende mening (ubestemt flertal);Navneord
SÆTNINGERNE;gruppe af ord med sammenhængende mening (bestemt flertal);Navneord
SØ;Vand omgivet af land;Natur
SØ;stillestående vand omgivet af land (ubestemt ental);Navneord
SØ;større indlandsvand (ubestemt ental);Navneord – Natur
SØD;med smag af sukker (grundform);Tillægsord
SØD;med sukkeragtig smag eller venlighed (fælleskøn);Tillægsord
SØDE;med smag af sukker (bestemt form eller flertal);Tillægsord
SØDE;med sukkeragtig smag eller venlighed (flertal eller bestemt form);Tillægsord
SØDERE;med smag af sukker (komparativ);Tillægsord
SØDERE;med sukkeragtig smag eller venlighed (komparativ);Tillægsord
SØDEST;med smag af sukker (superlativ);Tillægsord
SØDEST;med sukkeragtig smag eller venlighed (superlativ);Tillægsord
SØDT;med smag af sukker (intetkøn);Tillægsord
SØDT;med sukkeragtig smag eller venlighed (intetkøn);Tillægsord
SØEN;stillestående vand omgivet af land (bestemt ental);Navneord
SØEN;større indlandsvand (bestemt ental);Navneord – Natur
SØER;stillestående vand omgivet af land (ubestemt flertal);Navneord
SØER;større indlandsvand (ubestemt flertal);Navneord – Natur
SØERNE;stillestående vand omgivet af land (bestemt flertal);Navneord
SØERNE;større indlandsvand (bestemt flertal);Navneord – Natur
SØGE;forsøge at finde noget (navnemåde);Udsagnsord
SØGEMASKINE;tjeneste der finder information (ubestemt ental);Navneord – Teknologi
SØGEMASKINEN;tjeneste der finder information (bestemt ental);Navneord – Teknologi
SØGEMASKINER;tjeneste der finder information (ubestemt flertal);Navneord – Teknologi
SØGEMASKINERNE;tjeneste der finder information (bestemt flertal);Navneord – Teknologi
SØGER;forsøge at finde noget (nutid);Udsagnsord
SØGT;forsøge at finde noget (førnutids tillægsform);Udsagnsord
SØGTE;forsøge at finde noget (datid);Udsagnsord
SØM;spidst metalstykke til at slå i træ (ubestemt ental);Navneord – Håndværk
SØM;spidst metalstykke til at slå i træ (ubestemt flertal);Navneord – Håndværk
SØMMENE;spidst metalstykke til at slå i træ (bestemt flertal);Navneord – Håndværk
SØMMET;spidst metalstykke til at slå i træ (bestemt ental);Navneord – Håndværk
SØN;Mandligt barn af sine forældre;Menneske
SØNDAG;Ugens sidste dag;Tid og samfund
SØSTER;Kvindeligt søskende;Menneske
SØSTER;kvindeligt søskende (ubestemt ental);Navneord
SØSTEREN;kvindeligt søskende (bestemt ental);Navneord
SØSTRE;kvindeligt søskende (ubestemt flertal);Navneord
SØSTRENE;kvindeligt søskende (bestemt flertal);Navneord
SØVN;Tilstand hvor kroppen hviler;Menneske
TABE;lide nederlag (navnemåde);Udsagnsord
TABE;lide nederlag eller miste noget (navnemåde);Udsagnsord
TABEL;Data ordnet i rækker og kolonner;IT
TABER;lide nederlag (nutid);Udsagnsord
TABER;lide nederlag eller miste noget (nutid);Udsagnsord
TABT;lide nederlag (førnutids tillægsform);Udsagnsord
TABT;lide nederlag eller miste noget (kort tillægsform);Udsagnsord
TABTE;lide nederlag (datid);Udsagnsord
TABTE;lide nederlag eller miste noget (datid);Udsagnsord
TAG;Bygningens øverste beskyttende del;Hjem
TAG;øverste ydre del af et hus (ubestemt ental);Navneord – Hjem
TAGE;gribe eller overtage (navnemåde);Udsagnsord
TAGE;øverste ydre del af et hus (ubestemt flertal);Navneord – Hjem
TAGENE;øverste ydre del af et hus (bestemt flertal);Navneord – Hjem
TAGER;gribe eller overtage (nutid);Udsagnsord
TAGET;gribe eller overtage (førnutids tillægsform);Udsagnsord
TAGET;øverste ydre del af et hus (bestemt ental);Navneord – Hjem
TALE;bruge ord med stemmen (navnemåde);Udsagnsord
TALE;bruge sproget mundtligt (navnemåde);Udsagnsord
TALER;bruge ord med stemmen (nutid);Udsagnsord
TALER;bruge sproget mundtligt (nutid);Udsagnsord
TALLERKEN;Fladt fad man spiser af;Hjem
TALLERKEN;flad genstand til mad (ubestemt ental);Navneord – Hverdag
TALLERKEN;flad genstand til servering af mad (ubestemt ental);Navneord
TALLERKENEN;flad genstand til mad (bestemt ental);Navneord – Hverdag
TALLERKENEN;flad genstand til servering af mad (bestemt ental);Navneord
TALLERKENER;flad genstand til mad (ubestemt flertal);Navneord – Hverdag
TALLERKENER;flad genstand til servering af mad (ubestemt flertal);Navneord
TALLERKENERNE;flad genstand til mad (bestemt flertal);Navneord – Hverdag
TALLERKENERNE;flad genstand til servering af mad (bestemt flertal);Navneord
TALT;bruge ord med stemmen (førnutids tillægsform);Udsagnsord
TALT;bruge sproget mundtligt (kort tillægsform);Udsagnsord
TALT;opregne antal (kort tillægsform);Udsagnsord
TALTE;bruge ord med stemmen (datid);Udsagnsord
TALTE;bruge sproget mundtligt (datid);Udsagnsord
TALTE;opregne antal (datid);Udsagnsord
TAND;Hård del der bruges til at tygge;Menneske
TAND;hård del der tygger maden (ubestemt ental);Navneord – Krop
TAND;hård struktur i munden (ubestemt ental);Navneord
TANDEN;hård del der tygger maden (bestemt ental);Navneord – Krop
TANDEN;hård struktur i munden (bestemt ental);Navneord
TANG;redskab til at gribe med (ubestemt ental);Navneord – Håndværk
TANGEN;redskab til at gribe med (bestemt ental);Navneord – Håndværk
TAST;knap på et tastatur (ubestemt ental);Navneord
TASTATUR;Enhed med taster til indtastning;IT
TASTATUR;enhed med taster til indtastning (ubestemt ental);Navneord – Teknologi
TASTATURER;enhed med taster til indtastning (ubestemt flertal);Navneord – Teknologi
TASTATURERNE;enhed med taster til indtastning (bestemt flertal);Navneord – Teknologi
TASTATURET;enhed med taster til indtastning (bestemt ental);Navneord – Teknologi
TASTEN;knap på et tastatur (bestemt ental);Navneord
TASTER;knap på et tastatur (ubestemt flertal);Navneord
TASTERNE;knap på et tastatur (bestemt flertal);Navneord
TAXA;Bil man betaler for at blive kørt i;Transport
TE;Drik af blade trukket i varmt vand;Mad
TE;varm drik af tørrede blade (ubestemt ental);Navneord – Mad
TEATER;Sted hvor skuespil opføres;Tid og samfund
TEEN;varm drik af tørrede blade (bestemt ental);Navneord – Mad
TEER;varm drik af tørrede blade (ubestemt flertal);Navneord – Mad
TEERNE;varm drik af tørrede blade (bestemt flertal);Navneord – Mad
TEGNE;fremstille med streger (navnemåde);Udsagnsord
TEGNE;lave billede med streger (navnemåde);Udsagnsord
TEGNEDE;fremstille med streger (datid);Udsagnsord
TEGNEDE;lave billede med streger (datid);Udsagnsord
TEGNER;fremstille med streger (nutid);Udsagnsord
TEGNER;lave billede med streger (nutid);Udsagnsord
TEGNET;fremstille med streger (førnutids tillægsform);Udsagnsord
TEGNET;lave billede med streger (kort tillægsform);Udsagnsord
TEGNING;Billede lavet med streger;Fritid
TELEFON;apparat til samtaler på afstand (ubestemt ental);Navneord
TELEFONEN;apparat til samtaler på afstand (bestemt ental);Navneord
TELEFONER;apparat til samtaler på afstand (ubestemt flertal);Navneord
TELEFONERNE;apparat til samtaler på afstand (bestemt flertal);Navneord
TELT;Sammenklappeligt hus af stof;Fritid
TENNIS;Ketsjerspil over et net;Fritid
TEORETISK;som bygger på teori (grundform);Tillægsord
TEORETISK;som bygger på teori (intetkøn);Tillægsord
TEORETISKE;som bygger på teori (bestemt form eller flertal);Tillægsord
TERNING;Lille kube med prikker;Fritid
TERRASSE;Fladt udendørs opholdsareal;Hjem
TERRASSE;opholdsplads uden for huset (ubestemt ental);Navneord – Hjem
TERRASSEN;opholdsplads uden for huset (bestemt ental);Navneord – Hjem
TERRASSER;opholdsplads uden for huset (ubestemt flertal);Navneord – Hjem
TERRASSERNE;opholdsplads uden for huset (bestemt flertal);Navneord – Hjem
TESTE;afprøve om noget virker (navnemåde);Udsagnsord
TESTEDE;afprøve om noget virker (datid);Udsagnsord
TESTER;afprøve om noget virker (nutid);Udsagnsord
TESTET;afprøve om noget virker (kort tillægsform);Udsagnsord
TID;det der måles med et ur (ubestemt ental);Navneord
TIDEN;det der måles med et ur (bestemt ental);Navneord
TIDER;det der måles med et ur (ubestemt flertal);Navneord
TIDERNE;det der måles med et ur (bestemt flertal);Navneord
TIGER;stor stribet kat (ubestemt ental);Navneord
TIGEREN;stor stribet kat (bestemt ental);Navneord
TIGRE;stor stribet kat (ubestemt flertal);Navneord
TIGRENE;stor stribet kat (bestemt flertal);Navneord
TIL;I retning af et mål;Forholdsord
TILBUD;forslag eller nedsat pris (ubestemt ental);Navneord – Handel
TILBUD;forslag eller nedsat pris (ubestemt flertal);Navneord – Handel
TILBUDDENE;forslag eller nedsat pris (bestemt flertal);Navneord – Handel
TILBUDDET;forslag eller nedsat pris (bestemt ental);Navneord – Handel
TIME;Tidsenhed på tres minutter;Tid og samfund
TIME;tidsrum på tres minutter (ubestemt ental);Navneord
TIMEN;tidsrum på tres minutter (bestemt ental);Navneord
TIMER;tidsrum på tres minutter (ubestemt flertal);Navneord
TIMERNE;tidsrum på tres minutter (bestemt flertal);Navneord
TIRSDAG;Ugedag efter mandag;Tid og samfund
TOG;Køretøj der kører på skinner;Transport
TOG;gribe eller overtage (datid);Udsagnsord
TOG;køretøj der kører på skinner (ubestemt ental);Navneord – Transport
TOG;køretøj der kører på skinner (ubestemt flertal);Navneord – Transport
TOGENE;køretøj der kører på skinner (bestemt flertal);Navneord – Transport
TOGET;køretøj der kører på skinner (bestemt ental);Navneord – Transport
TOILET;Sanitetsgenstand til at besørge;Hjem
TOM;uden indhold (fælleskøn);Tillægsord
TOM;uden indhold (grundform);Tillægsord
TOMAT;Rød frugt der bruges som grøntsag;Mad
TOMAT;rød frugt ofte brugt som grøntsag (ubestemt ental);Navneord – Mad
TOMATEN;rød frugt ofte brugt som grøntsag (bestemt ental);Navneord – Mad
TOMATER;rød frugt ofte brugt som grøntsag (ubestemt flertal);Navneord – Mad
TOMATERNE;rød frugt ofte brugt som grøntsag (bestemt flertal);Navneord – Mad
TOMME;uden indhold (bestemt form eller flertal);Tillægsord
TOMME;uden indhold (flertal eller bestemt form);Tillægsord
TOMMEL;Håndens korte modsatte finger;Menneske
TOMMERE;uden indhold (komparativ);Tillægsord
TOMMEST;uden indhold (superlativ);Tillægsord
TOMT;uden indhold (intetkøn);Tillægsord
TONE;Lyd med en bestemt højde;Fritid
TORDEN;Brag efter et lyn;Natur
TORDNE;brage som torden (navnemåde);Udsagnsord
TORDNEDE;brage som torden (datid);Udsagnsord
TORDNER;brage som torden (nutid);Udsagnsord
TORDNET;brage som torden (kort tillægsform);Udsagnsord
TORSDAG;Ugedag efter onsdag;Tid og samfund
TORSK;Spisefisk med skægtråd ved hagen;Dyr
TORSK;spisefisk med skægtråd (ubestemt ental);Navneord – Dyr
TORSK;spisefisk med skægtråd (ubestemt flertal);Navneord – Dyr
TORSKEN;spisefisk med skægtråd (bestemt ental);Navneord – Dyr
TORSKENE;spisefisk med skægtråd (bestemt flertal);Navneord – Dyr
TORV;Åben plads i en by;Tid og samfund
TRAFIKLYS;Lys der regulerer trafikken;Transport
TRAK;bevæge noget mod sig (datid);Udsagnsord
TRAKTOR;Arbejds- og trækkøretøj i landbruget;Transport
TRAPPE;Trin mellem to niveauer;Hjem
TRAPPE;trin mellem højder (ubestemt ental);Navneord – Hjem
TRAPPEN;trin mellem højder (bestemt ental);Navneord – Hjem
TRAPPER;trin mellem højder (ubestemt flertal);Navneord – Hjem
TRAPPERNE;trin mellem højder (bestemt flertal);Navneord – Hjem
TRAVL;med meget at lave (fælleskøn);Tillægsord
TRAVLE;med meget at lave (flertal eller bestemt form);Tillægsord
TRAVLERE;med meget at lave (komparativ);Tillægsord
TRAVLEST;med meget at lave (superlativ);Tillægsord
TRAVLT;med meget at lave (intetkøn);Tillægsord
TRIST;som føler sorg (grundform);Tillægsord
TRIST;som føler sorg (intetkøn);Tillægsord
TRISTE;som føler sorg (bestemt form eller flertal);Tillægsord
TRISTERE;som føler sorg (komparativ);Tillægsord
TRISTEST;som føler sorg (superlativ);Tillægsord
TRO;have en overbevisning (navnemåde);Udsagnsord
TRO;holde noget for sandt (navnemåde);Udsagnsord
TROEDE;have en overbevisning (datid);Udsagnsord
TROEDE;holde noget for sandt (datid);Udsagnsord
TROET;have en overbevisning (førnutids tillægsform);Udsagnsord
TROET;holde noget for sandt (kort tillægsform);Udsagnsord
TROMME;Instrument man slår på;Fritid
TROR;have en overbevisning (nutid);Udsagnsord
TROR;holde noget for sandt (nutid);Udsagnsord
TRUKKET;bevæge noget mod sig (førnutids tillægsform);Udsagnsord
TRUKKET;bevæge noget mod sig (kort tillægsform);Udsagnsord
TRUSLEN;mulig fare (bestemt ental);Navneord – Teknologi
TRUSLER;mulig fare (ubestemt flertal);Navneord – Teknologi
TRUSLERNE;mulig fare (bestemt flertal);Navneord – Teknologi
TRUSSEL;mulig fare (ubestemt ental);Navneord – Teknologi
TRYG;uden frygt (grundform);Tillægsord
TRYGGE;uden frygt (bestemt form eller flertal);Tillægsord
TRYGGERE;uden frygt (komparativ);Tillægsord
TRYGGEST;uden frygt (superlativ);Tillægsord
TRYGT;uden frygt (intetkøn);Tillægsord
TRÆ;høj plante med stamme (ubestemt ental);Navneord – Natur
TRÆ;stor flerårig plante med stamme (ubestemt ental);Navneord
TRÆER;høj plante med stamme (ubestemt flertal);Navneord – Natur
TRÆER;stor flerårig plante med stamme (ubestemt flertal);Navneord
TRÆERNE;høj plante med stamme (bestemt flertal);Navneord – Natur
TRÆERNE;stor flerårig plante med stamme (bestemt flertal);Navneord
TRÆET;høj plante med stamme (bestemt ental);Navneord – Natur
TRÆET;stor flerårig plante med stamme (bestemt ental);Navneord
TRÆKKE;bevæge noget mod sig (navnemåde);Udsagnsord
TRÆKKER;bevæge noget mod sig (nutid);Udsagnsord
TRÆNE;forbedre ved øvelse (navnemåde);Udsagnsord
TRÆNE;øve sig for at blive bedre (navnemåde);Udsagnsord
TRÆNEDE;forbedre ved øvelse (datid);Udsagnsord
TRÆNEDE;øve sig for at blive bedre (datid);Udsagnsord
TRÆNER;forbedre ved øvelse (nutid);Udsagnsord
TRÆNER;person der instruerer i sport (ubestemt ental);Navneord – Sport
TRÆNER;øve sig for at blive bedre (nutid);Udsagnsord
TRÆNERE;person der instruerer i sport (ubestemt flertal);Navneord – Sport
TRÆNEREN;person der instruerer i sport (bestemt ental);Navneord – Sport
TRÆNERNE;person der instruerer i sport (bestemt flertal);Navneord – Sport
TRÆNET;forbedre ved øvelse (kort tillægsform);Udsagnsord
TRÆNET;øve sig for at blive bedre (førnutids tillægsform);Udsagnsord
TRÆT;som trænger til hvile (fælleskøn);Tillægsord
TRÆT;som trænger til hvile (intetkøn);Tillægsord
TRÆTTE;som trænger til hvile (flertal eller bestemt form);Tillægsord
TRÆTTERE;som trænger til hvile (komparativ);Tillægsord
TRÆTTEST;som trænger til hvile (superlativ);Tillægsord
TRØSTE;mildne sorg hos nogen (navnemåde);Udsagnsord
TRØSTEDE;mildne sorg hos nogen (datid);Udsagnsord
TRØSTER;mildne sorg hos nogen (nutid);Udsagnsord
TRØSTET;mildne sorg hos nogen (kort tillægsform);Udsagnsord
TUDSE;Kraftig padde med vortet hud;Dyr
TULIPAN;Forårsblomst med bægerformet hoved;Natur
TUNG;med stor vægt (fælleskøn);Tillægsord
TUNG;med stor vægt (grundform);Tillægsord
TUNGE;Muskel i munden der smager;Menneske
TUNGE;med stor vægt (bestemt form eller flertal);Tillægsord
TUNGE;med stor vægt (flertal eller bestemt form);Tillægsord
TUNGE;organ til smag og tale (ubestemt ental);Navneord – Krop
TUNGEN;organ til smag og tale (bestemt ental);Navneord – Krop
TUNGER;organ til smag og tale (ubestemt flertal);Navneord – Krop
TUNGERE;med stor vægt (komparativ);Tillægsord
TUNGERNE;organ til smag og tale (bestemt flertal);Navneord – Krop
TUNGEST;med stor vægt (superlativ);Tillægsord
TUNGT;med stor vægt (intetkøn);Tillægsord
TUNNEL;Passage under jord eller vand;Transport
TUNNEL;underjordisk eller overdækket passage (ubestemt ental);Navneord – Transport
TUNNELEN;underjordisk eller overdækket passage (bestemt ental);Navneord – Transport
TUNNELER;underjordisk eller overdækket passage (ubestemt flertal);Navneord – Transport
TUNNELERNE;underjordisk eller overdækket passage (bestemt flertal);Navneord – Transport
TURNERING;serie af konkurrencer (ubestemt ental);Navneord – Sport
TURNERINGEN;serie af konkurrencer (bestemt ental);Navneord – Sport
TURNERINGER;serie af konkurrencer (ubestemt flertal);Navneord – Sport
TURNERINGERNE;serie af konkurrencer (bestemt flertal);Navneord – Sport
TYK;med stor tykkelse (fælleskøn);Tillægsord
TYK;med stor tykkelse (grundform);Tillægsord
TYKKE;med stor tykkelse (bestemt form eller flertal);Tillægsord
TYKKE;med stor tykkelse (flertal eller bestemt form);Tillægsord
TYKKERE;med stor tykkelse (komparativ);Tillægsord
TYKKEST;med stor tykkelse (superlativ);Tillægsord
TYKT;med stor tykkelse (intetkøn);Tillægsord
TYND;med lille tykkelse (grundform);Tillægsord
TYND;med ringe tykkelse (fælleskøn);Tillægsord
TYNDE;med lille tykkelse (bestemt form eller flertal);Tillægsord
TYNDE;med ringe tykkelse (flertal eller bestemt form);Tillægsord
TYNDERE;med lille tykkelse (komparativ);Tillægsord
TYNDERE;med ringe tykkelse (komparativ);Tillægsord
TYNDEST;med lille tykkelse (superlativ);Tillægsord
TYNDEST;med ringe tykkelse (superlativ);Tillægsord
TYNDT;med lille tykkelse (intetkøn);Tillægsord
TYNDT;med ringe tykkelse (intetkøn);Tillægsord
TYR;Han af kvæg;Dyr
TÅ;En af fodens yderste dele;Menneske
TÅ;lille bevægelig del af foden (ubestemt ental);Navneord – Krop
TÅEN;lille bevægelig del af foden (bestemt ental);Navneord – Krop
TÅGE;Sky helt nede ved jordoverfladen;Natur
TÅRE;Væskedråbe fra øjet;Menneske
TÆER;lille bevægelig del af foden (ubestemt flertal);Navneord – Krop
TÆERNE;lille bevægelig del af foden (bestemt flertal);Navneord – Krop
TÆLLE;opregne antal (navnemåde);Udsagnsord
TÆLLER;opregne antal (nutid);Udsagnsord
TÆNDE;få lys eller apparat i gang (navnemåde);Udsagnsord
TÆNDE;sætte lys eller maskine i gang (navnemåde);Udsagnsord
TÆNDER;få lys eller apparat i gang (nutid);Udsagnsord
TÆNDER;hård del der tygger maden (ubestemt flertal);Navneord – Krop
TÆNDER;hård struktur i munden (ubestemt flertal);Navneord
TÆNDER;sætte lys eller maskine i gang (nutid);Udsagnsord
TÆNDERNE;hård del der tygger maden (bestemt flertal);Navneord – Krop
TÆNDERNE;hård struktur i munden (bestemt flertal);Navneord
TÆNDT;få lys eller apparat i gang (førnutids tillægsform);Udsagnsord
TÆNDT;sætte lys eller maskine i gang (kort tillægsform);Udsagnsord
TÆNDTE;få lys eller apparat i gang (datid);Udsagnsord
TÆNDTE;sætte lys eller maskine i gang (datid);Udsagnsord
TÆNGER;redskab til at gribe med (ubestemt flertal);Navneord – Håndværk
TÆNGERNE;redskab til at gribe med (bestemt flertal);Navneord – Håndværk
TÆNKE;bruge sin bevidsthed til overvejelse (navnemåde);Udsagnsord
TÆNKER;bruge sin bevidsthed til overvejelse (nutid);Udsagnsord
TÆNKT;bruge sin bevidsthed til overvejelse (førnutids tillægsform);Udsagnsord
TÆNKTE;bruge sin bevidsthed til overvejelse (datid);Udsagnsord
TÆPPE;Tekstil man kan lægge på gulvet;Hjem
TØMRER;Håndværker der arbejder med træ;Menneske
TØR;uden fugt (grundform);Tillægsord
TØR;uden væde (fælleskøn);Tillægsord
TØRRE;fjerne fugt fra noget (navnemåde);Udsagnsord
TØRRE;uden fugt (bestemt form eller flertal);Tillægsord
TØRRE;uden væde (flertal eller bestemt form);Tillægsord
TØRREDE;fjerne fugt fra noget (datid);Udsagnsord
TØRRER;fjerne fugt fra noget (nutid);Udsagnsord
TØRRERE;uden fugt (komparativ);Tillægsord
TØRRERE;uden væde (komparativ);Tillægsord
TØRREST;uden fugt (superlativ);Tillægsord
TØRREST;uden væde (superlativ);Tillægsord
TØRRET;fjerne fugt fra noget (førnutids tillægsform);Udsagnsord
TØRRETUMBLER;Maskine der tørrer tøj;Hjem
TØRRETUMBLER;maskine der tørrer tøj (ubestemt ental);Navneord – Hjem
TØRRETUMBLERE;maskine der tørrer tøj (ubestemt flertal);Navneord – Hjem
TØRRETUMBLEREN;maskine der tørrer tøj (bestemt ental);Navneord – Hjem
TØRRETUMBLERNE;maskine der tørrer tøj (bestemt flertal);Navneord – Hjem
TØRST;Behov for at drikke;Menneske
TØRT;uden fugt (intetkøn);Tillægsord
TØRT;uden væde (intetkøn);Tillægsord
UDDANNELSE;forløb hvor man lærer et fag (ubestemt ental);Navneord – Uddannelse
UDDANNELSEN;forløb hvor man lærer et fag (bestemt ental);Navneord – Uddannelse
UDDANNELSER;forløb hvor man lærer et fag (ubestemt flertal);Navneord – Uddannelse
UDDANNELSERNE;forløb hvor man lærer et fag (bestemt flertal);Navneord – Uddannelse
UDEN;Som mangler noget;Forholdsord
UDSKIFTE;erstatte med en anden (navnemåde);Udsagnsord
UDSKIFTEDE;erstatte med en anden (datid);Udsagnsord
UDSKIFTER;erstatte med en anden (nutid);Udsagnsord
UDSKIFTET;erstatte med en anden (kort tillægsform);Udsagnsord
UGE;Tidsrum på syv dage;Tid og samfund
UGE;periode på syv dage (ubestemt ental);Navneord
UGE;tidsrum på syv dage (ubestemt ental);Navneord – Tid
UGEN;periode på syv dage (bestemt ental);Navneord
UGEN;tidsrum på syv dage (bestemt ental);Navneord – Tid
UGER;periode på syv dage (ubestemt flertal);Navneord
UGER;tidsrum på syv dage (ubestemt flertal);Navneord – Tid
UGERNE;periode på syv dage (bestemt flertal);Navneord
UGERNE;tidsrum på syv dage (bestemt flertal);Navneord – Tid
UGLE;Rovfugl der ofte jager om natten;Dyr
UGLE;nataktiv rovfugl (ubestemt ental);Navneord – Dyr
UGLEN;nataktiv rovfugl (bestemt ental);Navneord – Dyr
UGLER;nataktiv rovfugl (ubestemt flertal);Navneord – Dyr
UGLERNE;nataktiv rovfugl (bestemt flertal);Navneord – Dyr
UHØFLIG;ikke høflig (grundform);Tillægsord
UHØFLIGE;ikke høflig (bestemt form eller flertal);Tillægsord
UHØFLIGT;ikke høflig (intetkøn);Tillægsord
ULV;Vildt hundedyr der lever i flok;Dyr
ULV;vildt hundedyr (ubestemt ental);Navneord
ULVE;vildt hundedyr (ubestemt flertal);Navneord
ULVEN;vildt hundedyr (bestemt ental);Navneord
ULVENE;vildt hundedyr (bestemt flertal);Navneord
UNDER;Længere nede end;Forholdsord
UNDERSØGE;se nærmere på noget (navnemåde);Udsagnsord
UNDERSØGER;se nærmere på noget (nutid);Udsagnsord
UNDERSØGT;se nærmere på noget (kort tillægsform);Udsagnsord
UNDERSØGTE;se nærmere på noget (datid);Udsagnsord
UNDERVISE;formidle viden til elever (navnemåde);Udsagnsord
UNDERVISE;give andre læring (navnemåde);Udsagnsord
UNDERVISER;formidle viden til elever (nutid);Udsagnsord
UNDERVISER;give andre læring (nutid);Udsagnsord
UNDERVIST;formidle viden til elever (kort tillægsform);Udsagnsord
UNDERVIST;give andre læring (førnutids tillægsform);Udsagnsord
UNDERVISTE;formidle viden til elever (datid);Udsagnsord
UNDERVISTE;give andre læring (datid);Udsagnsord
UNG;med få år bag sig (grundform);Tillægsord
UNG;som har levet kort tid (fælleskøn);Tillægsord
UNGE;med få år bag sig (bestemt form eller flertal);Tillægsord
UNGE;som har levet kort tid (flertal eller bestemt form);Tillægsord
UNGT;med få år bag sig (intetkøn);Tillægsord
UNGT;som har levet kort tid (intetkøn);Tillægsord
UNIVERSITET;højere uddannelsesinstitution (ubestemt ental);Navneord – Uddannelse
UNIVERSITETER;højere uddannelsesinstitution (ubestemt flertal);Navneord – Uddannelse
UNIVERSITETERNE;højere uddannelsesinstitution (bestemt flertal);Navneord – Uddannelse
UNIVERSITETET;højere uddannelsesinstitution (bestemt ental);Navneord – Uddannelse
UPLOADE;sende data til et netværk (navnemåde);Udsagnsord
UPLOADEDE;sende data til et netværk (datid);Udsagnsord
UPLOADER;sende data til et netværk (nutid);Udsagnsord
UPLOADET;sende data til et netværk (førnutids tillægsform);Udsagnsord
UR;Genstand der viser tiden;Hjem
VAFFEL;bagværk med mønstret overflade (ubestemt ental);Navneord – Mad
VAFLEN;bagværk med mønstret overflade (bestemt ental);Navneord – Mad
VAFLER;bagværk med mønstret overflade (ubestemt flertal);Navneord – Mad
VAFLERNE;bagværk med mønstret overflade (bestemt flertal);Navneord – Mad
VALG;Afstemning om repræsentanter;Tid og samfund
VALG;afstemning om repræsentanter (ubestemt ental);Navneord – Samfund
VALG;afstemning om repræsentanter (ubestemt flertal);Navneord – Samfund
VALGENE;afstemning om repræsentanter (bestemt flertal);Navneord – Samfund
VALGET;afstemning om repræsentanter (bestemt ental);Navneord – Samfund
VALGT;beslutte mellem muligheder (førnutids tillægsform);Udsagnsord
VALGT;udpege en mulighed (kort tillægsform);Udsagnsord
VALGTE;beslutte mellem muligheder (datid);Udsagnsord
VALGTE;udpege en mulighed (datid);Udsagnsord
VALIDERE;kontrollere gyldighed (navnemåde);Udsagnsord
VALIDEREDE;kontrollere gyldighed (datid);Udsagnsord
VALIDERER;kontrollere gyldighed (nutid);Udsagnsord
VALIDERET;kontrollere gyldighed (kort tillægsform);Udsagnsord
VALMUE;Blomst med tynde røde kronblade;Natur
VALNØD;Nød med foldet kerne;Mad
VALNØD;nød med foldet kerne (ubestemt ental);Navneord – Mad
VALNØDDEN;nød med foldet kerne (bestemt ental);Navneord – Mad
VALNØDDER;nød med foldet kerne (ubestemt flertal);Navneord – Mad
VALNØDDERNE;nød med foldet kerne (bestemt flertal);Navneord – Mad
VANDE;tilføre vand til planter (navnemåde);Udsagnsord
VANDEDE;tilføre vand til planter (datid);Udsagnsord
VANDER;tilføre vand til planter (nutid);Udsagnsord
VANDET;tilføre vand til planter (kort tillægsform);Udsagnsord
VANDFALD;vand der falder over en kant (ubestemt ental);Navneord – Natur
VANDFALD;vand der falder over en kant (ubestemt flertal);Navneord – Natur
VANDFALDENE;vand der falder over en kant (bestemt flertal);Navneord – Natur
VANDFALDET;vand der falder over en kant (bestemt ental);Navneord – Natur
VANDLØB;rindende vand i naturen (ubestemt ental);Navneord – Natur
VANDLØB;rindende vand i naturen (ubestemt flertal);Navneord – Natur
VANDLØBENE;rindende vand i naturen (bestemt flertal);Navneord – Natur
VANDLØBET;rindende vand i naturen (bestemt ental);Navneord – Natur
VANDMAND;Geleagtigt havdyr med tentakler;Dyr
VANDRE;gå en længere tur (navnemåde);Udsagnsord
VANDREDE;gå en længere tur (datid);Udsagnsord
VANDRER;gå en længere tur (nutid);Udsagnsord
VANDRET;gå en længere tur (kort tillægsform);Udsagnsord
VANDRING;Længere tur til fods i naturen;Fritid
VANDT;opnå sejr (datid);Udsagnsord
VARE;genstand der sælges (ubestemt ental);Navneord
VARE;noget der sælges eller købes (ubestemt ental);Navneord – Handel
VAREN;genstand der sælges (bestemt ental);Navneord
VAREN;noget der sælges eller købes (bestemt ental);Navneord – Handel
VARER;genstand der sælges (ubestemt flertal);Navneord
VARER;noget der sælges eller købes (ubestemt flertal);Navneord – Handel
VARERNE;genstand der sælges (bestemt flertal);Navneord
VARERNE;noget der sælges eller købes (bestemt flertal);Navneord – Handel
VAREVOGN;bil til transport af varer (ubestemt ental);Navneord – Transport
VAREVOGNE;bil til transport af varer (ubestemt flertal);Navneord – Transport
VAREVOGNEN;bil til transport af varer (bestemt ental);Navneord – Transport
VAREVOGNENE;bil til transport af varer (bestemt flertal);Navneord – Transport
VARIABEL;størrelse med skiftende værdi (ubestemt ental);Navneord – Teknologi
VARIABLEN;størrelse med skiftende værdi (bestemt ental);Navneord – Teknologi
VARIABLER;størrelse med skiftende værdi (ubestemt flertal);Navneord – Teknologi
VARIABLERNE;størrelse med skiftende værdi (bestemt flertal);Navneord – Teknologi
VARM;med høj temperatur (fælleskøn);Tillægsord
VARM;med høj temperatur (grundform);Tillægsord
VARME;gøre varmere (navnemåde);Udsagnsord
VARME;med høj temperatur (bestemt form eller flertal);Tillægsord
VARME;med høj temperatur (flertal eller bestemt form);Tillægsord
VARMEDE;gøre varmere (datid);Udsagnsord
VARMER;gøre varmere (nutid);Udsagnsord
VARMERE;med høj temperatur (komparativ);Tillægsord
VARMEST;med høj temperatur (superlativ);Tillægsord
VARMET;gøre varmere (kort tillægsform);Udsagnsord
VARMT;med høj temperatur (intetkøn);Tillægsord
VASK;Beholder med afløb til vand;Hjem
VASK;kumme til vand og rengøring (ubestemt ental);Navneord – Hjem
VASKE;kumme til vand og rengøring (ubestemt flertal);Navneord – Hjem
VASKE;rengøre med vand (navnemåde);Udsagnsord
VASKEDE;rengøre med vand (datid);Udsagnsord
VASKEMASKINE;Maskine til rengøring af tøj;Hjem
VASKEMASKINE;maskine til at vaske tøj (ubestemt ental);Navneord – Hjem
VASKEMASKINEN;maskine til at vaske tøj (bestemt ental);Navneord – Hjem
VASKEMASKINER;maskine til at vaske tøj (ubestemt flertal);Navneord – Hjem
VASKEMASKINERNE;maskine til at vaske tøj (bestemt flertal);Navneord – Hjem
VASKEN;kumme til vand og rengøring (bestemt ental);Navneord – Hjem
VASKENE;kumme til vand og rengøring (bestemt flertal);Navneord – Hjem
VASKER;rengøre med vand (nutid);Udsagnsord
VASKET;rengøre med vand (førnutids tillægsform);Udsagnsord
VASKET;rengøre med vand (kort tillægsform);Udsagnsord
VED;Tæt på et sted;Forholdsord
VED;have kendskab til noget (nutid);Udsagnsord
VEJ;Anlagt færdselsåre;Transport
VEJ;anlagt rute til trafik (ubestemt ental);Navneord – Transport
VEJ;forbindelse beregnet til trafik (ubestemt ental);Navneord
VEJE;anlagt rute til trafik (ubestemt flertal);Navneord – Transport
VEJE;bestemme vægt (navnemåde);Udsagnsord
VEJE;forbindelse beregnet til trafik (ubestemt flertal);Navneord
VEJEDE;bestemme vægt (datid);Udsagnsord
VEJEN;anlagt rute til trafik (bestemt ental);Navneord – Transport
VEJEN;forbindelse beregnet til trafik (bestemt ental);Navneord
VEJENE;anlagt rute til trafik (bestemt flertal);Navneord – Transport
VEJENE;forbindelse beregnet til trafik (bestemt flertal);Navneord
VEJER;bestemme vægt (nutid);Udsagnsord
VEJET;bestemme vægt (kort tillægsform);Udsagnsord
VEJLEDNING;instruktion i hvordan noget gøres (ubestemt ental);Navneord – Samfund
VEJLEDNINGEN;instruktion i hvordan noget gøres (bestemt ental);Navneord – Samfund
VEJLEDNINGER;instruktion i hvordan noget gøres (ubestemt flertal);Navneord – Samfund
VEJLEDNINGERNE;instruktion i hvordan noget gøres (bestemt flertal);Navneord – Samfund
VEN;Person man holder af og kender godt;Menneske
VEN;person man holder af (ubestemt ental);Navneord
VENLIG;imødekommende og rar (grundform);Tillægsord
VENLIG;imødekommende over for andre (fælleskøn);Tillægsord
VENLIGE;imødekommende og rar (bestemt form eller flertal);Tillægsord
VENLIGE;imødekommende over for andre (flertal eller bestemt form);Tillægsord
VENLIGERE;imødekommende og rar (komparativ);Tillægsord
VENLIGERE;imødekommende over for andre (komparativ);Tillægsord
VENLIGST;imødekommende og rar (superlativ);Tillægsord
VENLIGST;imødekommende over for andre (superlativ);Tillægsord
VENLIGT;imødekommende og rar (intetkøn);Tillægsord
VENLIGT;imødekommende over for andre (intetkøn);Tillægsord
VENNEN;person man holder af (bestemt ental);Navneord
VENNER;person man holder af (ubestemt flertal);Navneord
VENNERNE;person man holder af (bestemt flertal);Navneord
VENTE;afvente nogen eller noget (navnemåde);Udsagnsord
VENTEDE;afvente nogen eller noget (datid);Udsagnsord
VENTER;afvente nogen eller noget (nutid);Udsagnsord
VENTET;afvente nogen eller noget (kort tillægsform);Udsagnsord
VERDENSDEL;stor geografisk del af verden (ubestemt ental);Navneord – Geografi
VERDENSDELE;stor geografisk del af verden (ubestemt flertal);Navneord – Geografi
VERDENSDELEN;stor geografisk del af verden (bestemt ental);Navneord – Geografi
VERDENSDELENE;stor geografisk del af verden (bestemt flertal);Navneord – Geografi
VERDENSHAV;meget stort havområde (ubestemt ental);Navneord – Geografi
VERDENSHAVE;meget stort havområde (ubestemt flertal);Navneord – Geografi
VERDENSHAVENE;meget stort havområde (bestemt flertal);Navneord – Geografi
VERDENSHAVET;meget stort havområde (bestemt ental);Navneord – Geografi
VERIFICERE;efterprøve korrekthed (navnemåde);Udsagnsord
VERIFICEREDE;efterprøve korrekthed (datid);Udsagnsord
VERIFICERER;efterprøve korrekthed (nutid);Udsagnsord
VERIFICERET;efterprøve korrekthed (kort tillægsform);Udsagnsord
VERSION;bestemt udgave af et produkt (ubestemt ental);Navneord – Teknologi
VERSIONEN;bestemt udgave af et produkt (bestemt ental);Navneord – Teknologi
VERSIONER;bestemt udgave af et produkt (ubestemt flertal);Navneord – Teknologi
VERSIONERNE;bestemt udgave af et produkt (bestemt flertal);Navneord – Teknologi
VIDE;have kendskab til noget (navnemåde);Udsagnsord
VIDST;have kendskab til noget (førnutids tillægsform);Udsagnsord
VIDST;have kendskab til noget (kort tillægsform);Udsagnsord
VIDSTE;have kendskab til noget (datid);Udsagnsord
VIGTIG;af stor betydning (fælleskøn);Tillægsord
VIGTIGE;af stor betydning (flertal eller bestemt form);Tillægsord
VIGTIGERE;af stor betydning (komparativ);Tillægsord
VIGTIGST;af stor betydning (superlativ);Tillægsord
VIGTIGT;af stor betydning (intetkøn);Tillægsord
VILD;utæmmet eller voldsom (grundform);Tillægsord
VILDE;utæmmet eller voldsom (bestemt form eller flertal);Tillægsord
VILDERE;utæmmet eller voldsom (komparativ);Tillægsord
VILDEST;utæmmet eller voldsom (superlativ);Tillægsord
VILDT;utæmmet eller voldsom (intetkøn);Tillægsord
VIND;Luft der bevæger sig;Natur
VIND;luft i bevægelse (ubestemt ental);Navneord
VINDE;luft i bevægelse (ubestemt flertal);Navneord
VINDE;opnå sejr (navnemåde);Udsagnsord
VINDEN;luft i bevægelse (bestemt ental);Navneord
VINDENE;luft i bevægelse (bestemt flertal);Navneord
VINDER;opnå sejr (nutid);Udsagnsord
VINDUE;Glasåbning der giver dagslys;Hjem
VINDUE;glasåbning i en bygning (ubestemt ental);Navneord
VINDUER;glasåbning i en bygning (ubestemt flertal);Navneord
VINDUERNE;glasåbning i en bygning (bestemt flertal);Navneord
VINDUET;glasåbning i en bygning (bestemt ental);Navneord
VINTER;Årets koldeste årstid;Natur
VINTER;årets koldeste årstid (ubestemt ental);Navneord – Tid
VINTEREN;årets koldeste årstid (bestemt ental);Navneord – Tid
VINTRE;årets koldeste årstid (ubestemt flertal);Navneord – Tid
VINTRENE;årets koldeste årstid (bestemt flertal);Navneord – Tid
VIOLIN;Lille strygeinstrument med fire strenge;Fritid
VIRUS;Skadelig kode der kan sprede sig;IT
VISKELÆDER;Redskab der fjerner blyantstreger;Fritid
VISNE;miste friskhed som plante (navnemåde);Udsagnsord
VISNEDE;miste friskhed som plante (datid);Udsagnsord
VISNER;miste friskhed som plante (nutid);Udsagnsord
VISNET;miste friskhed som plante (kort tillægsform);Udsagnsord
VOKSE;blive større (navnemåde);Udsagnsord
VOKSEDE;blive større (datid);Udsagnsord
VOKSEN;Person der ikke længere er barn;Menneske
VOKSEN;menneske der ikke længere er barn (ubestemt ental);Navneord
VOKSER;blive større (nutid);Udsagnsord
VOKSET;blive større (førnutids tillægsform);Udsagnsord
VOKSET;blive større (kort tillægsform);Udsagnsord
VOKSNE;menneske der ikke længere er barn (ubestemt flertal);Navneord
VOLLEYBALL;Holdspil hvor bolden slås over et net;Fritid
VRED;som føler vrede (grundform);Tillægsord
VREDE;Følelse af stærk irritation;Menneske
VREDE;som føler vrede (bestemt form eller flertal);Tillægsord
VREDERE;som føler vrede (komparativ);Tillægsord
VREDEST;som føler vrede (superlativ);Tillægsord
VREDT;som føler vrede (intetkøn);Tillægsord
VULKAN;bjerg hvor magma kan trænge frem (ubestemt ental);Navneord – Geografi
VULKANEN;bjerg hvor magma kan trænge frem (bestemt ental);Navneord – Geografi
VULKANER;bjerg hvor magma kan trænge frem (ubestemt flertal);Navneord – Geografi
VULKANERNE;bjerg hvor magma kan trænge frem (bestemt flertal);Navneord – Geografi
VUNDET;opnå sejr (førnutids tillægsform);Udsagnsord
VUNDET;opnå sejr (kort tillægsform);Udsagnsord
VURDERE;tage stilling til værdien (navnemåde);Udsagnsord
VURDEREDE;tage stilling til værdien (datid);Udsagnsord
VURDERER;tage stilling til værdien (nutid);Udsagnsord
VURDERET;tage stilling til værdien (kort tillægsform);Udsagnsord
VÅD;dækket af væske (fælleskøn);Tillægsord
VÅD;dækket af væske (grundform);Tillægsord
VÅDE;dækket af væske (bestemt form eller flertal);Tillægsord
VÅDE;dækket af væske (flertal eller bestemt form);Tillægsord
VÅDERE;dækket af væske (komparativ);Tillægsord
VÅDEST;dækket af væske (superlativ);Tillægsord
VÅDT;dækket af væske (intetkøn);Tillægsord
VÅGNE;holde op med at sove (navnemåde);Udsagnsord
VÅGNEDE;holde op med at sove (datid);Udsagnsord
VÅGNER;holde op med at sove (nutid);Udsagnsord
VÅGNET;holde op med at sove (førnutids tillægsform);Udsagnsord
VÆG;Lodret side af et rum;Hjem
VÆG;lodret adskillelse mellem rum (ubestemt ental);Navneord – Hjem
VÆG;lodret del af en bygning (ubestemt ental);Navneord
VÆGGE;lodret adskillelse mellem rum (ubestemt flertal);Navneord – Hjem
VÆGGE;lodret del af en bygning (ubestemt flertal);Navneord
VÆGGEN;lodret adskillelse mellem rum (bestemt ental);Navneord – Hjem
VÆGGEN;lodret del af en bygning (bestemt ental);Navneord
VÆGGENE;lodret adskillelse mellem rum (bestemt flertal);Navneord – Hjem
VÆGGENE;lodret del af en bygning (bestemt flertal);Navneord
VÆLGE;beslutte mellem muligheder (navnemåde);Udsagnsord
VÆLGE;udpege en mulighed (navnemåde);Udsagnsord
VÆLGER;beslutte mellem muligheder (nutid);Udsagnsord
VÆLGER;udpege en mulighed (nutid);Udsagnsord
VÆRELSE;Afgrænset rum i en bolig;Hjem
VÆRELSE;rum i en bolig eller på hotel (ubestemt ental);Navneord – Transport
VÆRELSER;rum i en bolig eller på hotel (ubestemt flertal);Navneord – Transport
VÆRELSERNE;rum i en bolig eller på hotel (bestemt flertal);Navneord – Transport
VÆRELSET;rum i en bolig eller på hotel (bestemt ental);Navneord – Transport
VÆRKTØJ;redskab til et arbejde (ubestemt ental);Navneord – Håndværk
VÆRKTØJER;redskab til et arbejde (ubestemt flertal);Navneord – Håndværk
VÆRKTØJERNE;redskab til et arbejde (bestemt flertal);Navneord – Håndværk
VÆRKTØJET;redskab til et arbejde (bestemt ental);Navneord – Håndværk
VÆRRE;af lav kvalitet (komparativ);Tillægsord
VÆRRE;af ringe kvalitet (komparativ);Tillægsord
VÆRST;af lav kvalitet (superlativ);Tillægsord
VÆRST;af ringe kvalitet (superlativ);Tillægsord
YNGRE;med få år bag sig (komparativ);Tillægsord
YNGRE;som har levet kort tid (komparativ);Tillægsord
YNGST;med få år bag sig (superlativ);Tillægsord
YNGST;som har levet kort tid (superlativ);Tillægsord
YOGHURT;Syrnet mælkeprodukt;Mad
YOGHURT;syrnet mælkeprodukt (ubestemt ental);Navneord – Mad
YOGHURTEN;syrnet mælkeprodukt (bestemt ental);Navneord – Mad
YOGHURTER;syrnet mælkeprodukt (ubestemt flertal);Navneord – Mad
YOGHURTERNE;syrnet mælkeprodukt (bestemt flertal);Navneord – Mad
ÅBEN;ikke lukket (fælleskøn);Tillægsord
ÅBEN;ikke lukket (grundform);Tillægsord
ÅBENT;ikke lukket (intetkøn);Tillægsord
ÅBNE;gøre adgang mulig (navnemåde);Udsagnsord
ÅBNE;gøre noget tilgængeligt (navnemåde);Udsagnsord
ÅBNE;ikke lukket (bestemt form eller flertal);Tillægsord
ÅBNE;ikke lukket (flertal eller bestemt form);Tillægsord
ÅBNEDE;gøre adgang mulig (datid);Udsagnsord
ÅBNEDE;gøre noget tilgængeligt (datid);Udsagnsord
ÅBNER;gøre adgang mulig (nutid);Udsagnsord
ÅBNER;gøre noget tilgængeligt (nutid);Udsagnsord
ÅBNET;gøre adgang mulig (førnutids tillægsform);Udsagnsord
ÅBNET;gøre noget tilgængeligt (kort tillægsform);Udsagnsord
ÅDAL;dal omkring en å (ubestemt ental);Navneord – Natur
ÅDALE;dal omkring en å (ubestemt flertal);Navneord – Natur
ÅDALEN;dal omkring en å (bestemt ental);Navneord – Natur
ÅDALENE;dal omkring en å (bestemt flertal);Navneord – Natur
ÅEN;mindre naturligt vandløb (bestemt ental);Navneord
ÅER;mindre naturligt vandløb (ubestemt flertal);Navneord
ÅERNE;mindre naturligt vandløb (bestemt flertal);Navneord
ÅL;Lang slangelignende fisk;Dyr
ÅL;lang slangelignende fisk (ubestemt ental);Navneord – Dyr
ÅL;lang slangelignende fisk (ubestemt flertal);Navneord – Dyr
ÅLEN;lang slangelignende fisk (bestemt ental);Navneord – Dyr
ÅLENE;lang slangelignende fisk (bestemt flertal);Navneord – Dyr
ÅNDEDRÆT;ind- og udånding af luft (ubestemt ental);Navneord – Krop
ÅNDEDRÆT;ind- og udånding af luft (ubestemt flertal);Navneord – Krop
ÅNDEDRÆTTENE;ind- og udånding af luft (bestemt flertal);Navneord – Krop
ÅNDEDRÆTTET;ind- og udånding af luft (bestemt ental);Navneord – Krop
ÅR;Tidsrum på tolv måneder;Tid og samfund
ÅR;periode på cirka 365 dage (ubestemt ental);Navneord
ÅR;periode på cirka 365 dage (ubestemt flertal);Navneord
ÅR;tidsrum på tolv måneder (ubestemt ental);Navneord – Tid
ÅR;tidsrum på tolv måneder (ubestemt flertal);Navneord – Tid
ÅRENE;periode på cirka 365 dage (bestemt flertal);Navneord
ÅRENE;tidsrum på tolv måneder (bestemt flertal);Navneord – Tid
ÅRET;periode på cirka 365 dage (bestemt ental);Navneord
ÅRET;tidsrum på tolv måneder (bestemt ental);Navneord – Tid
ÅRHUNDREDE;Tidsrum på hundrede år;Tid og samfund
ÅRHUNDREDE;tidsrum på hundrede år (ubestemt ental);Navneord – Tid
ÅRHUNDREDER;tidsrum på hundrede år (ubestemt flertal);Navneord – Tid
ÅRHUNDREDERNE;tidsrum på hundrede år (bestemt flertal);Navneord – Tid
ÅRHUNDREDET;tidsrum på hundrede år (bestemt ental);Navneord – Tid
ÅRSTID;del af året med særligt klima (ubestemt ental);Navneord – Tid
ÅRSTIDEN;del af året med særligt klima (bestemt ental);Navneord – Tid
ÅRSTIDER;del af året med særligt klima (ubestemt flertal);Navneord – Tid
ÅRSTIDERNE;del af året med særligt klima (bestemt flertal);Navneord – Tid
ÅRTI;Tidsrum på ti år;Tid og samfund
ÅRTI;tidsrum på ti år (ubestemt ental);Navneord – Tid
ÅRTIER;tidsrum på ti år (ubestemt flertal);Navneord – Tid
ÅRTIERNE;tidsrum på ti år (bestemt flertal);Navneord – Tid
ÅRTIET;tidsrum på ti år (bestemt ental);Navneord – Tid
ÆBLE;Rund frugt der ofte er rød eller grøn;Mad
ÆBLE;rund frugt fra et frugttræ (ubestemt ental);Navneord
ÆBLE;rund frugt fra frugttræ (ubestemt ental);Navneord – Mad
ÆBLER;rund frugt fra et frugttræ (ubestemt flertal);Navneord
ÆBLER;rund frugt fra frugttræ (ubestemt flertal);Navneord – Mad
ÆBLERNE;rund frugt fra et frugttræ (bestemt flertal);Navneord
ÆBLERNE;rund frugt fra frugttræ (bestemt flertal);Navneord – Mad
ÆBLET;rund frugt fra et frugttræ (bestemt ental);Navneord
ÆBLET;rund frugt fra frugttræ (bestemt ental);Navneord – Mad
ÆG;Oval fødevare lagt af høns;Mad
ÆG;fødevare lagt af en fugl (ubestemt ental);Navneord
ÆG;fødevare lagt af en fugl (ubestemt flertal);Navneord
ÆG;oval skal med indhold fra fugl (ubestemt ental);Navneord – Mad
ÆG;oval skal med indhold fra fugl (ubestemt flertal);Navneord – Mad
ÆGGENE;fødevare lagt af en fugl (bestemt flertal);Navneord
ÆGGENE;oval skal med indhold fra fugl (bestemt flertal);Navneord – Mad
ÆGGET;fødevare lagt af en fugl (bestemt ental);Navneord
ÆGGET;oval skal med indhold fra fugl (bestemt ental);Navneord – Mad
ÆLDRE;med mange år bag sig (komparativ);Tillægsord
ÆLDRE;som har eksisteret længe (komparativ);Tillægsord
ÆLDST;med mange år bag sig (superlativ);Tillægsord
ÆLDST;som har eksisteret længe (superlativ);Tillægsord
ÆNDER;svømmefugl med bredt næb (ubestemt flertal);Navneord – Dyr
ÆNDER;vandfugl med fladt næb (ubestemt flertal);Navneord
ÆNDERNE;svømmefugl med bredt næb (bestemt flertal);Navneord – Dyr
ÆNDERNE;vandfugl med fladt næb (bestemt flertal);Navneord
ÆNDRE;gøre anderledes (navnemåde);Udsagnsord
ÆNDREDE;gøre anderledes (datid);Udsagnsord
ÆNDRER;gøre anderledes (nutid);Udsagnsord
ÆNDRET;gøre anderledes (førnutids tillægsform);Udsagnsord
ÆRGRE;føle fortrydelse over (navnemåde);Udsagnsord
ÆRGREDE;føle fortrydelse over (datid);Udsagnsord
ÆRGRER;føle fortrydelse over (nutid);Udsagnsord
ÆRGRET;føle fortrydelse over (kort tillægsform);Udsagnsord
ÆRT;Lille grøn kugle i en bælg;Mad
ÆRTE;lille grøn bælgfrugt (ubestemt ental);Navneord – Mad
ÆRTEN;lille grøn bælgfrugt (bestemt ental);Navneord – Mad
ÆRTER;lille grøn bælgfrugt (ubestemt flertal);Navneord – Mad
ÆRTERNE;lille grøn bælgfrugt (bestemt flertal);Navneord – Mad
ØEN;land omgivet af vand (bestemt ental);Navneord – Natur
ØEN;landområde omgivet af vand (bestemt ental);Navneord
ØER;land omgivet af vand (ubestemt flertal);Navneord – Natur
ØER;landområde omgivet af vand (ubestemt flertal);Navneord
ØERNE;land omgivet af vand (bestemt flertal);Navneord – Natur
ØERNE;landområde omgivet af vand (bestemt flertal);Navneord
ØJE;Sanseorgan der registrerer lys;Menneske
ØJE;organ man ser med (ubestemt ental);Navneord
ØJE;organ til at se med (ubestemt ental);Navneord – Krop
ØJET;organ man ser med (bestemt ental);Navneord
ØJET;organ til at se med (bestemt ental);Navneord – Krop
ØJNE;organ man ser med (ubestemt flertal);Navneord
ØJNE;organ til at se med (ubestemt flertal);Navneord – Krop
ØJNENE;organ man ser med (bestemt flertal);Navneord
ØJNENE;organ til at se med (bestemt flertal);Navneord – Krop
ØKONOMI;forvaltning af penge og ressourcer (ubestemt ental);Navneord – Samfund
ØKONOMIEN;forvaltning af penge og ressourcer (bestemt ental);Navneord – Samfund
ØKONOMIER;forvaltning af penge og ressourcer (ubestemt flertal);Navneord – Samfund
ØKONOMIERNE;forvaltning af penge og ressourcer (bestemt flertal);Navneord – Samfund
ØNSKE;have lyst til at opnå (navnemåde);Udsagnsord
ØNSKEDE;have lyst til at opnå (datid);Udsagnsord
ØNSKER;have lyst til at opnå (nutid);Udsagnsord
ØNSKET;have lyst til at opnå (kort tillægsform);Udsagnsord
ØRE;Sanseorgan der registrerer lyd;Menneske
ØRE;organ man hører med (ubestemt ental);Navneord
ØRE;organ til at høre med (ubestemt ental);Navneord – Krop
ØRER;organ man hører med (ubestemt flertal);Navneord
ØRER;organ til at høre med (ubestemt flertal);Navneord – Krop
ØRERNE;organ man hører med (bestemt flertal);Navneord
ØRERNE;organ til at høre med (bestemt flertal);Navneord – Krop
ØRET;organ man hører med (bestemt ental);Navneord
ØRET;organ til at høre med (bestemt ental);Navneord – Krop
ØRKEN;tørt område med ringe nedbør (ubestemt ental);Navneord – Geografi
ØRKENEN;tørt område med ringe nedbør (bestemt ental);Navneord – Geografi
ØRKENER;tørt område med ringe nedbør (ubestemt flertal);Navneord – Geografi
ØRKENERNE;tørt område med ringe nedbør (bestemt flertal);Navneord – Geografi
ØRN;Stor rovfugl med kraftige kløer;Dyr
ØRN;stor rovfugl (ubestemt ental);Navneord – Dyr
ØRNE;stor rovfugl (ubestemt flertal);Navneord – Dyr
ØRNEN;stor rovfugl (bestemt ental);Navneord – Dyr
ØRNENE;stor rovfugl (bestemt flertal);Navneord – Dyr
ØRRED;Spisefisk i åer og søer;Dyr
ØRRED;fisk der lever i fersk- og saltvand (ubestemt ental);Navneord – Dyr
ØRREDEN;fisk der lever i fersk- og saltvand (bestemt ental);Navneord – Dyr
ØRREDER;fisk der lever i fersk- og saltvand (ubestemt flertal);Navneord – Dyr
ØRREDERNE;fisk der lever i fersk- og saltvand (bestemt flertal);Navneord – Dyr
ØVE;træne en færdighed (navnemåde);Udsagnsord
ØVEDE;træne en færdighed (datid);Udsagnsord
ØVELSE;gentaget træningsaktivitet (ubestemt ental);Navneord – Sport
ØVELSEN;gentaget træningsaktivitet (bestemt ental);Navneord – Sport
ØVELSER;gentaget træningsaktivitet (ubestemt flertal);Navneord – Sport
ØVELSERNE;gentaget træningsaktivitet (bestemt flertal);Navneord – Sport
ØVER;træne en færdighed (nutid);Udsagnsord
ØVET;træne en færdighed (kort tillægsform);Udsagnsord
